-- DVAS P0 demo data
-- 一键演示数据：从数据接入到质量、数元、效用、MD-DShap、收益分配、报告和审计均有落库结果。

BEGIN;
SET search_path TO dvas;

-- Idempotent reset for demo project.
DELETE FROM allocation_project WHERE project_id = 'PRJ_DEMO_001';

INSERT INTO allocation_project (project_id,project_name,scenario_name,status,total_revenue_amount,version_no,created_by)
VALUES ('PRJ_DEMO_001','P0 数据收益分配演示项目','多数据源主体收益分配模拟','DRAFT',1000000.00,1,'local_operator');

INSERT INTO input_snapshot (snapshot_id,project_id,source_type,source_name,content_json,checksum,created_by)
VALUES ('INPUT_DEMO_001','PRJ_DEMO_001','DEMO','DVAS_DEMO_CASE_001','{"demo_case_id":"DVAS_DEMO_CASE_001","project_name":"P0 数据收益分配演示项目","scenario_name":"多数据源主体收益分配模拟","revenue_pool":1000000,"participants":[{"party_id":"PTY_DATA_A","party_name":"数据源主体A","party_type":"DATA_PROVIDER"},{"party_id":"PTY_DATA_B","party_name":"数据源主体B","party_type":"DATA_PROVIDER"},{"party_id":"PTY_OPERATOR","party_name":"运营服务方","party_type":"OPERATOR"},{"party_id":"PTY_TECH","party_name":"技术服务方","party_type":"TECH_SERVICE"}],"data_units":[{"resource_id":"RES_MARKET","resource_name":"市场交易行为数据","modality":"TABLE","field_count":4,"sample_count":20000},{"resource_id":"RES_OPERATION","resource_name":"运营调用日志数据","modality":"LOG","field_count":4,"sample_count":12000}],"disclaimer":"模拟参考，非法律结算。"}'::jsonb,'7746904d68a0eb4d62a3c7679c02a47cbf1e23853076ba91039fb54c2c9da228','local_operator');

INSERT INTO snapshot_store (snapshot_id,project_id,snapshot_type,object_type,object_id,content_json,checksum,created_by)
VALUES ('SS_INPUT_DEMO_001','PRJ_DEMO_001','INPUT','input_snapshot','INPUT_DEMO_001','{"demo_case_id":"DVAS_DEMO_CASE_001","project_name":"P0 数据收益分配演示项目","scenario_name":"多数据源主体收益分配模拟","revenue_pool":1000000,"participants":[{"party_id":"PTY_DATA_A","party_name":"数据源主体A","party_type":"DATA_PROVIDER"},{"party_id":"PTY_DATA_B","party_name":"数据源主体B","party_type":"DATA_PROVIDER"},{"party_id":"PTY_OPERATOR","party_name":"运营服务方","party_type":"OPERATOR"},{"party_id":"PTY_TECH","party_name":"技术服务方","party_type":"TECH_SERVICE"}],"data_units":[{"resource_id":"RES_MARKET","resource_name":"市场交易行为数据","modality":"TABLE","field_count":4,"sample_count":20000},{"resource_id":"RES_OPERATION","resource_name":"运营调用日志数据","modality":"LOG","field_count":4,"sample_count":12000}],"disclaimer":"模拟参考，非法律结算。"}'::jsonb,'7746904d68a0eb4d62a3c7679c02a47cbf1e23853076ba91039fb54c2c9da228','local_operator');

INSERT INTO data_package (package_id,project_id,input_snapshot_id,package_name,source_type,file_name,checksum,status,version_no,created_by)
VALUES ('PKG_DEMO_001','PRJ_DEMO_001','INPUT_DEMO_001','演示数据包','DEMO','dvas_demo_case_001.json','7746904d68a0eb4d62a3c7679c02a47cbf1e23853076ba91039fb54c2c9da228','VALID',1,'local_operator');

INSERT INTO upload_validation_result (validation_result_id,project_id,package_id,is_valid,detail_json)
VALUES ('VAL_DEMO_001','PRJ_DEMO_001','PKG_DEMO_001',true,'{"checked_fields":["participants","revenue_pool","data_units"],"result":"PASS"}'::jsonb);

UPDATE allocation_project SET status='INGESTED', current_package_id='PKG_DEMO_001', updated_at=now() WHERE project_id='PRJ_DEMO_001';
INSERT INTO data_resource (resource_id,project_id,package_id,resource_name,modality,field_count,sample_count,missing_rate,include_in_calculation,resource_summary_json,status) VALUES ('RES_MARKET','PRJ_DEMO_001','PKG_DEMO_001','市场交易行为数据','TABLE',4,20000,0.025,true,'{"rows":20000,"fields":["user_segment","transaction_amount","region_code","event_time"]}'::jsonb,'ACTIVE');
INSERT INTO data_resource (resource_id,project_id,package_id,resource_name,modality,field_count,sample_count,missing_rate,include_in_calculation,resource_summary_json,status) VALUES ('RES_OPERATION','PRJ_DEMO_001','PKG_DEMO_001','运营调用日志数据','LOG',4,12000,0.018,true,'{"rows":12000,"fields":["api_code","call_count","success_rate","timestamp"]}'::jsonb,'ACTIVE');
INSERT INTO data_resource_field (field_id,resource_id,field_name,field_type,is_sensitive,missing_rate,distinct_count,stats_json,sample_preview_json) VALUES ('FLD_MARKET_SEG','RES_MARKET','user_segment','string',false,0.01,8,'{"source":"demo_statistics"}'::jsonb,'[]'::jsonb);
INSERT INTO data_resource_field (field_id,resource_id,field_name,field_type,is_sensitive,missing_rate,distinct_count,stats_json,sample_preview_json) VALUES ('FLD_MARKET_AMOUNT','RES_MARKET','transaction_amount','decimal',false,0.02,15000,'{"source":"demo_statistics"}'::jsonb,'[]'::jsonb);
INSERT INTO data_resource_field (field_id,resource_id,field_name,field_type,is_sensitive,missing_rate,distinct_count,stats_json,sample_preview_json) VALUES ('FLD_MARKET_REGION','RES_MARKET','region_code','string',false,0.03,31,'{"source":"demo_statistics"}'::jsonb,'[]'::jsonb);
INSERT INTO data_resource_field (field_id,resource_id,field_name,field_type,is_sensitive,missing_rate,distinct_count,stats_json,sample_preview_json) VALUES ('FLD_MARKET_TIME','RES_MARKET','event_time','timestamp',false,0.04,19880,'{"source":"demo_statistics"}'::jsonb,'[]'::jsonb);
INSERT INTO data_resource_field (field_id,resource_id,field_name,field_type,is_sensitive,missing_rate,distinct_count,stats_json,sample_preview_json) VALUES ('FLD_OP_API','RES_OPERATION','api_code','string',false,0.01,120,'{"source":"demo_statistics"}'::jsonb,'[]'::jsonb);
INSERT INTO data_resource_field (field_id,resource_id,field_name,field_type,is_sensitive,missing_rate,distinct_count,stats_json,sample_preview_json) VALUES ('FLD_OP_CALL','RES_OPERATION','call_count','integer',false,0.02,10000,'{"source":"demo_statistics"}'::jsonb,'[]'::jsonb);
INSERT INTO data_resource_field (field_id,resource_id,field_name,field_type,is_sensitive,missing_rate,distinct_count,stats_json,sample_preview_json) VALUES ('FLD_OP_SUCCESS','RES_OPERATION','success_rate','decimal',false,0.02,9000,'{"source":"demo_statistics"}'::jsonb,'[]'::jsonb);
INSERT INTO data_resource_field (field_id,resource_id,field_name,field_type,is_sensitive,missing_rate,distinct_count,stats_json,sample_preview_json) VALUES ('FLD_OP_TIME','RES_OPERATION','timestamp','timestamp',false,0.02,11900,'{"source":"demo_statistics"}'::jsonb,'[]'::jsonb);
INSERT INTO party (party_id,project_id,party_name,party_type,include_in_md_dshap,credit_code,contact_name,description,status) VALUES ('PTY_DATA_A','PRJ_DEMO_001','数据源主体A','DATA_PROVIDER',true,'91330000A000000001','张三','提供市场交易行为数据。','ACTIVE');
INSERT INTO party (party_id,project_id,party_name,party_type,include_in_md_dshap,credit_code,contact_name,description,status) VALUES ('PTY_DATA_B','PRJ_DEMO_001','数据源主体B','DATA_PROVIDER',true,'91330000B000000002','李四','提供运营调用日志数据。','ACTIVE');
INSERT INTO party (party_id,project_id,party_name,party_type,include_in_md_dshap,credit_code,contact_name,description,status) VALUES ('PTY_OPERATOR','PRJ_DEMO_001','运营服务方','OPERATOR',false,'91330000C000000003','王五','负责数据产品运营服务。','ACTIVE');
INSERT INTO party (party_id,project_id,party_name,party_type,include_in_md_dshap,credit_code,contact_name,description,status) VALUES ('PTY_TECH','PRJ_DEMO_001','技术服务方','TECH_SERVICE',false,'91330000D000000004','赵六','负责算法与平台技术服务。','ACTIVE');
INSERT INTO data_resource_party_relation (relation_id,project_id,resource_id,party_id,split_ratio,is_primary_provider,include_in_md_dshap,status) VALUES ('REL_MARKET_A','PRJ_DEMO_001','RES_MARKET','PTY_DATA_A',0.7,true,true,'ACTIVE');
INSERT INTO data_resource_party_relation (relation_id,project_id,resource_id,party_id,split_ratio,is_primary_provider,include_in_md_dshap,status) VALUES ('REL_MARKET_B','PRJ_DEMO_001','RES_MARKET','PTY_DATA_B',0.3,false,true,'ACTIVE');
INSERT INTO data_resource_party_relation (relation_id,project_id,resource_id,party_id,split_ratio,is_primary_provider,include_in_md_dshap,status) VALUES ('REL_OPERATION_A','PRJ_DEMO_001','RES_OPERATION','PTY_DATA_A',0.4,false,true,'ACTIVE');
INSERT INTO data_resource_party_relation (relation_id,project_id,resource_id,party_id,split_ratio,is_primary_provider,include_in_md_dshap,status) VALUES ('REL_OPERATION_B','PRJ_DEMO_001','RES_OPERATION','PTY_DATA_B',0.6,true,true,'ACTIVE');
INSERT INTO snapshot_store (snapshot_id,project_id,snapshot_type,object_type,object_id,content_json,checksum,created_by) VALUES ('SS_PARAM_QUAL_001','PRJ_DEMO_001','PARAMETER','quality_parameter','QUAL_PARAM_001','{"weights":{"COMPLETENESS":0.3,"ACCURACY":0.25,"TIMELINESS":0.15,"CONSISTENCY":0.15,"UNIQUENESS":0.15}}'::jsonb,'233bd4e8536d63c5fc29be708e67138e8b92d503a75da78f03691af7db5a8894','local_operator');
INSERT INTO snapshot_store (snapshot_id,project_id,snapshot_type,object_type,object_id,content_json,checksum,created_by) VALUES ('SS_PARAM_METER_001','PRJ_DEMO_001','PARAMETER','metering_parameter','METER_PARAM_001','{"base_price":10,"coefficients":{"scenario":1.2,"quality":0.885,"technology":1.1,"expert":1.0,"development":1.05}}'::jsonb,'29d1cf2066b0676bad406f920ce499189f85478da3fc026bfd6e29125c396d3f','local_operator');
INSERT INTO snapshot_store (snapshot_id,project_id,snapshot_type,object_type,object_id,content_json,checksum,created_by) VALUES ('SS_PARAM_UTIL_001','PRJ_DEMO_001','PARAMETER','utility_parameter','UTIL_PARAM_001','{"formula":"U_i=normalized_contribution_i*quality_factor*usage_factor*scenario_factor"}'::jsonb,'d338fa434aa4e7a88831c05b43df6ef7f2245d9b31f4523f9822232379eb1e5f','local_operator');
INSERT INTO snapshot_store (snapshot_id,project_id,snapshot_type,object_type,object_id,content_json,checksum,created_by) VALUES ('SS_PARAM_MDS_001','PRJ_DEMO_001','PARAMETER','md_dshap_parameter','MDS_PARAM_001','{"algorithm_mode":"MD_DSHAP","seed":20260617,"sample_rounds":200,"epsilon":1e-06}'::jsonb,'1c572b4c2af666b44bc1a0b0e1df2d82bb23677c5e048fd5bf1af0e8e015840b','local_operator');
INSERT INTO snapshot_store (snapshot_id,project_id,snapshot_type,object_type,object_id,content_json,checksum,created_by) VALUES ('SS_RESULT_ALLOC_001','PRJ_DEMO_001','ALLOCATION','allocation_scenario','ALLOC_DEMO_001','{"total_revenue":1000000,"priority_allocation_amount":150000,"data_provider_revenue_pool":850000}'::jsonb,'728501edaf4b0047c678007a6bdffeb38ef9bbeaad530f03c86f41752aab065f','local_operator');

INSERT INTO quality_assessment (assessment_id,project_id,package_id,assessment_version_no,quality_score,quality_level,quality_factor,dimension_scores,evidence_summary,parameter_snapshot_id,status)
VALUES ('QUAL_DEMO_001','PRJ_DEMO_001','PKG_DEMO_001',1,88.5000,'A',0.885000,'{"COMPLETENESS":91.2,"ACCURACY":87.5,"TIMELINESS":83.0,"CONSISTENCY":89.0,"UNIQUENESS":92.0}'::jsonb,'演示数据质量满足 P0 模拟计算要求。','SS_PARAM_QUAL_001','SUCCESS');
INSERT INTO quality_score_detail (detail_id,assessment_id,metric_code,dimension_code,metric_name,weight,score,weighted_score,evidence_json) VALUES ('QSD_DEMO_001','QUAL_DEMO_001','COMPLETENESS','COMPLETENESS','COMPLETENESS',0.3,91.2,27.36,'{"source":"demo_quality_assessment"}'::jsonb);
INSERT INTO quality_score_detail (detail_id,assessment_id,metric_code,dimension_code,metric_name,weight,score,weighted_score,evidence_json) VALUES ('QSD_DEMO_002','QUAL_DEMO_001','ACCURACY','ACCURACY','ACCURACY',0.25,87.5,21.875,'{"source":"demo_quality_assessment"}'::jsonb);
INSERT INTO quality_score_detail (detail_id,assessment_id,metric_code,dimension_code,metric_name,weight,score,weighted_score,evidence_json) VALUES ('QSD_DEMO_003','QUAL_DEMO_001','TIMELINESS','TIMELINESS','TIMELINESS',0.15,83.0,12.45,'{"source":"demo_quality_assessment"}'::jsonb);
INSERT INTO quality_score_detail (detail_id,assessment_id,metric_code,dimension_code,metric_name,weight,score,weighted_score,evidence_json) VALUES ('QSD_DEMO_004','QUAL_DEMO_001','CONSISTENCY','CONSISTENCY','CONSISTENCY',0.15,89.0,13.35,'{"source":"demo_quality_assessment"}'::jsonb);
INSERT INTO quality_score_detail (detail_id,assessment_id,metric_code,dimension_code,metric_name,weight,score,weighted_score,evidence_json) VALUES ('QSD_DEMO_005','QUAL_DEMO_001','UNIQUENESS','UNIQUENESS','UNIQUENESS',0.15,92.0,13.8,'{"source":"demo_quality_assessment"}'::jsonb);
UPDATE allocation_project SET status='ASSESSED', updated_at=now() WHERE project_id='PRJ_DEMO_001';

INSERT INTO shuyuan_metering (metering_id,project_id,assessment_id,metering_version_no,base_shuyuan_price,scenario_coefficient,quality_coefficient,technology_coefficient,expert_coefficient,development_coefficient,call_count_total,total_amount,parameter_snapshot_id,status)
VALUES ('METER_DEMO_001','PRJ_DEMO_001','QUAL_DEMO_001',1,10.00,1.200000,0.885000,1.100000,1.000000,1.050000,35000,248000.00,'SS_PARAM_METER_001','SUCCESS');
INSERT INTO shuyuan_metering_detail (detail_id,metering_id,project_id,resource_id,party_id,call_count,effective_units,metering_amount,formula_json) VALUES ('MDTL_001','METER_DEMO_001','PRJ_DEMO_001','RES_MARKET','PTY_DATA_A',15000,15000,126000.0,'{"formula":"base_price * coefficients * call_count * split_ratio"}'::jsonb);
INSERT INTO shuyuan_metering_detail (detail_id,metering_id,project_id,resource_id,party_id,call_count,effective_units,metering_amount,formula_json) VALUES ('MDTL_002','METER_DEMO_001','PRJ_DEMO_001','RES_MARKET','PTY_DATA_B',8000,8000,60000.0,'{"formula":"base_price * coefficients * call_count * split_ratio"}'::jsonb);
INSERT INTO shuyuan_metering_detail (detail_id,metering_id,project_id,resource_id,party_id,call_count,effective_units,metering_amount,formula_json) VALUES ('MDTL_003','METER_DEMO_001','PRJ_DEMO_001','RES_OPERATION','PTY_DATA_A',5000,5000,25000.0,'{"formula":"base_price * coefficients * call_count * split_ratio"}'::jsonb);
INSERT INTO shuyuan_metering_detail (detail_id,metering_id,project_id,resource_id,party_id,call_count,effective_units,metering_amount,formula_json) VALUES ('MDTL_004','METER_DEMO_001','PRJ_DEMO_001','RES_OPERATION','PTY_DATA_B',7000,7000,37000.0,'{"formula":"base_price * coefficients * call_count * split_ratio"}'::jsonb);
UPDATE allocation_project SET status='METERED', updated_at=now() WHERE project_id='PRJ_DEMO_001';
INSERT INTO contribution_record (contribution_id,project_id,party_id,metering_id,valid_units,usage_weight,coverage_weight,scarcity_weight,contribution_score,normalized_contribution,version_no) VALUES ('CONTRIB_A','PRJ_DEMO_001','PTY_DATA_A','METER_DEMO_001',20000,0.55,0.6,0.5,0.327,0.58,1);
INSERT INTO contribution_record (contribution_id,project_id,party_id,metering_id,valid_units,usage_weight,coverage_weight,scarcity_weight,contribution_score,normalized_contribution,version_no) VALUES ('CONTRIB_B','PRJ_DEMO_001','PTY_DATA_B','METER_DEMO_001',15000,0.45,0.5,0.52,0.237,0.42,1);
INSERT INTO utility_function_snapshot (snapshot_id,project_id,utility_source,formula_text,parameter_json,checksum,version_no,created_by) VALUES ('UTIL_FUNC_DEMO_001','PRJ_DEMO_001','DEFAULT_FORMULA','U_i = normalized_contribution_i * quality_factor * usage_factor * scenario_factor','{"formula":"U_i=normalized_contribution_i*quality_factor*usage_factor*scenario_factor"}'::jsonb,'d338fa434aa4e7a88831c05b43df6ef7f2245d9b31f4523f9822232379eb1e5f',1,'local_operator');
INSERT INTO utility_record (utility_id,project_id,party_id,contribution_id,utility_function_snapshot_id,task_key,normalized_contribution,quality_factor,usage_factor,scenario_factor,utility_value,version_no) VALUES ('UTIL_A','PRJ_DEMO_001','PTY_DATA_A','CONTRIB_A','UTIL_FUNC_DEMO_001','DEFAULT_TASK',0.58,0.885,1.05,1.0,0.612,1);
INSERT INTO utility_trace (trace_id,utility_id,formula_text,input_json,output_json,parameter_snapshot_id) VALUES ('TRACE_UTIL_A','UTIL_A','U_i = normalized_contribution_i * quality_factor * usage_factor * scenario_factor','{"normalized_contribution":0.58,"quality_factor":0.885,"usage_factor":1.05,"scenario_factor":1.0}'::jsonb,'{"utility_value":0.612}'::jsonb,'SS_PARAM_UTIL_001');
INSERT INTO utility_record (utility_id,project_id,party_id,contribution_id,utility_function_snapshot_id,task_key,normalized_contribution,quality_factor,usage_factor,scenario_factor,utility_value,version_no) VALUES ('UTIL_B','PRJ_DEMO_001','PTY_DATA_B','CONTRIB_B','UTIL_FUNC_DEMO_001','DEFAULT_TASK',0.42,0.885,0.95,1.0,0.388,1);
INSERT INTO utility_trace (trace_id,utility_id,formula_text,input_json,output_json,parameter_snapshot_id) VALUES ('TRACE_UTIL_B','UTIL_B','U_i = normalized_contribution_i * quality_factor * usage_factor * scenario_factor','{"normalized_contribution":0.42,"quality_factor":0.885,"usage_factor":0.95,"scenario_factor":1.0}'::jsonb,'{"utility_value":0.388}'::jsonb,'SS_PARAM_UTIL_001');
UPDATE allocation_project SET status='UTILITY_CALCULATED', updated_at=now() WHERE project_id='PRJ_DEMO_001';

INSERT INTO md_dshap_task (task_id,project_id,utility_function_snapshot_id,algorithm_mode,participant_set_json,task_set_json,seed,sample_rounds,epsilon,status,algorithm_version,baseline_enabled,parameter_snapshot_id,started_at,finished_at,created_by)
VALUES ('MDS_TASK_DEMO_001','PRJ_DEMO_001','UTIL_FUNC_DEMO_001','MD_DSHAP','["PTY_DATA_A","PTY_DATA_B"]'::jsonb,'["DEFAULT_TASK"]'::jsonb,20260617,200,0.000001,'SUCCESS','p0-md-dshap-1.0',true,'SS_PARAM_MDS_001',now(),now(),'local_operator');
INSERT INTO md_dshap_result (result_id,task_id,project_id,party_id,participant_weight,normalized_weight,baseline_weight,weight_diff,task_level_weight_json,approximation_note,result_version) VALUES ('MDS_RES_A','MDS_TASK_DEMO_001','PRJ_DEMO_001','PTY_DATA_A',0.62,0.62,0.61,0.01,'{"DEFAULT_TASK":0.62}'::jsonb,'P0 演示规模，使用确定性样例权重与基线校验。',1);
INSERT INTO md_dshap_result (result_id,task_id,project_id,party_id,participant_weight,normalized_weight,baseline_weight,weight_diff,task_level_weight_json,approximation_note,result_version) VALUES ('MDS_RES_B','MDS_TASK_DEMO_001','PRJ_DEMO_001','PTY_DATA_B',0.38,0.38,0.39,-0.01,'{"DEFAULT_TASK":0.38}'::jsonb,'P0 演示规模，使用确定性样例权重与基线校验。',1);
INSERT INTO md_dshap_marginal_trace (trace_id,task_id,project_id,party_id,task_key,iteration_no,coalition_before,participant_added,v_before,v_after,marginal_contribution,random_seed) VALUES ('MDS_TRACE_001','MDS_TASK_DEMO_001','PRJ_DEMO_001','PTY_DATA_A','DEFAULT_TASK',1,'[]'::jsonb,'PTY_DATA_A',0.0,0.612,0.612,20260617);
INSERT INTO md_dshap_marginal_trace (trace_id,task_id,project_id,party_id,task_key,iteration_no,coalition_before,participant_added,v_before,v_after,marginal_contribution,random_seed) VALUES ('MDS_TRACE_002','MDS_TASK_DEMO_001','PRJ_DEMO_001','PTY_DATA_B','DEFAULT_TASK',1,'[]'::jsonb,'PTY_DATA_B',0.0,0.388,0.388,20260617);
INSERT INTO md_dshap_marginal_trace (trace_id,task_id,project_id,party_id,task_key,iteration_no,coalition_before,participant_added,v_before,v_after,marginal_contribution,random_seed) VALUES ('MDS_TRACE_003','MDS_TASK_DEMO_001','PRJ_DEMO_001','PTY_DATA_A','DEFAULT_TASK',2,'["PTY_DATA_B"]'::jsonb,'PTY_DATA_A',0.388,1.0,0.612,20260617);
INSERT INTO md_dshap_marginal_trace (trace_id,task_id,project_id,party_id,task_key,iteration_no,coalition_before,participant_added,v_before,v_after,marginal_contribution,random_seed) VALUES ('MDS_TRACE_004','MDS_TASK_DEMO_001','PRJ_DEMO_001','PTY_DATA_B','DEFAULT_TASK',2,'["PTY_DATA_A"]'::jsonb,'PTY_DATA_B',0.612,1.0,0.388,20260617);
INSERT INTO algorithm_audit_snapshot (snapshot_id,project_id,task_id,input_snapshot_json,parameter_snapshot_json,output_snapshot_json,assumption_text,checksum) VALUES ('ALG_SNAP_DEMO_001','PRJ_DEMO_001','MDS_TASK_DEMO_001','{"utility_records":["UTIL_A","UTIL_B"]}'::jsonb,'{"algorithm_mode":"MD_DSHAP","seed":20260617,"sample_rounds":200,"epsilon":1e-06}'::jsonb,'{"participant_weight":{"PTY_DATA_A":0.62,"PTY_DATA_B":0.38},"weight_sum":1.0}'::jsonb,'MD-DShap 权重仅作为收益分配模拟参考，不构成法律结算比例。','c0fc61e0c40b721945120f2b23d312bb2fc2a2cb20923dec16af190235d0ec48');
UPDATE allocation_project SET status='WEIGHT_CALCULATED', current_algorithm_task_id='MDS_TASK_DEMO_001', updated_at=now() WHERE project_id='PRJ_DEMO_001';

INSERT INTO allocation_scenario (allocation_id,project_id,weight_task_id,scenario_name,total_revenue,priority_allocation_amount,data_provider_revenue_pool,allocation_mode,status,version_no,locked_by,locked_at,created_by)
VALUES ('ALLOC_DEMO_001','PRJ_DEMO_001','MDS_TASK_DEMO_001','P0 演示收益分配场景',1000000.00,150000.00,850000.00,'MD_DSHAP_WEIGHT','CONFIRMED',1,'local_operator',now(),'local_operator');

INSERT INTO allocation_priority_item (item_id,allocation_id,project_id,party_id,priority_amount,priority_ratio,basis_text,priority_order,status)
VALUES ('PRI_OPERATOR_001','ALLOC_DEMO_001','PRJ_DEMO_001','PTY_OPERATOR',100000.00,0.100000,'演示合同优先分配：运营服务费。',1,'ACTIVE'),
       ('PRI_TECH_001','ALLOC_DEMO_001','PRJ_DEMO_001','PTY_TECH',50000.00,0.050000,'演示合同优先分配：技术服务费。',2,'ACTIVE');

INSERT INTO contract_constraint (constraint_id,project_id,party_id,constraint_type,constraint_value,priority,basis_text,status,created_by)
VALUES ('CONS_B_MIN_001','PRJ_DEMO_001','PTY_DATA_B','MIN_AMOUNT',350000.00,1,'演示约束：数据源主体B保底金额 350000。','ACTIVE','local_operator');
INSERT INTO allocation_result (result_id,allocation_id,project_id,party_id,raw_weight,normalized_weight,pre_constraint_amount,post_constraint_amount,adjustment_amount,constraint_adjustment_reason,result_version) VALUES ('ALLOC_RES_A','ALLOC_DEMO_001','PRJ_DEMO_001','PTY_DATA_A',0.62,0.62,527000.0,500000.0,-27000.0,'受数据源主体B保底约束调整。',1);
INSERT INTO allocation_result (result_id,allocation_id,project_id,party_id,raw_weight,normalized_weight,pre_constraint_amount,post_constraint_amount,adjustment_amount,constraint_adjustment_reason,result_version) VALUES ('ALLOC_RES_B','ALLOC_DEMO_001','PRJ_DEMO_001','PTY_DATA_B',0.38,0.38,323000.0,350000.0,27000.0,'满足保底约束。',1);
INSERT INTO allocation_result (result_id,allocation_id,project_id,party_id,raw_weight,normalized_weight,pre_constraint_amount,post_constraint_amount,adjustment_amount,constraint_adjustment_reason,result_version) VALUES ('ALLOC_RES_OPERATOR','ALLOC_DEMO_001','PRJ_DEMO_001','PTY_OPERATOR',0.0,0.0,100000.0,100000.0,0.0,'合同优先分配。',1);
INSERT INTO allocation_result (result_id,allocation_id,project_id,party_id,raw_weight,normalized_weight,pre_constraint_amount,post_constraint_amount,adjustment_amount,constraint_adjustment_reason,result_version) VALUES ('ALLOC_RES_TECH','ALLOC_DEMO_001','PRJ_DEMO_001','PTY_TECH',0.0,0.0,50000.0,50000.0,0.0,'合同优先分配。',1);

INSERT INTO constraint_apply_trace (trace_id,allocation_id,project_id,constraint_id,party_id,before_amount,after_amount,adjustment_amount,reason,step_no)
VALUES ('CAT_B_MIN_001','ALLOC_DEMO_001','PRJ_DEMO_001','CONS_B_MIN_001','PTY_DATA_B',323000.00,350000.00,27000.00,'触发 MIN_AMOUNT 保底约束。',1),
       ('CAT_A_BALANCE_001','ALLOC_DEMO_001','PRJ_DEMO_001',NULL,'PTY_DATA_A',527000.00,500000.00,-27000.00,'为保持数据源收益池总额守恒，按余额调整。',2);

UPDATE allocation_project SET status='CONFIRMED', current_allocation_id='ALLOC_DEMO_001', total_revenue_amount=1000000.00, updated_at=now() WHERE project_id='PRJ_DEMO_001';

INSERT INTO snapshot_store (snapshot_id,project_id,snapshot_type,object_type,object_id,content_json,checksum,created_by)
VALUES ('SS_REPORT_DEMO_001','PRJ_DEMO_001','REPORT','report_manifest','RPT_DEMO_001','{"report_id":"RPT_DEMO_001","project_id":"PRJ_DEMO_001","files":["allocation_simulation_report.md","source_level_allocation.csv","participant_weight.csv","md_dshap_audit_report.md","audit_log.jsonl","assumptions.json","report_manifest.json"]}'::jsonb,'8fa89292c84e91b3e58dd46b3c8c61b942422e6c4a5f06fc2d1b5303d90854af','local_operator');

INSERT INTO report_record (report_id,project_id,source_snapshot_id,report_type,report_version_no,file_name,file_format,file_path,checksum,status,created_by)
VALUES ('RPT_DEMO_001','PRJ_DEMO_001','SS_REPORT_DEMO_001','P0_FULL_EXPORT',1,'P0 数据收益分配演示项目_完整报告包_v1.zip','ZIP','/exports/PRJ_DEMO_001/P0_FULL_EXPORT_v1.zip','8fa89292c84e91b3e58dd46b3c8c61b942422e6c4a5f06fc2d1b5303d90854af','GENERATED','local_operator');
INSERT INTO export_file (file_id,report_id,project_id,file_name,file_type,file_format,file_path,field_scope_json,checksum,created_by) VALUES ('EXP_FILE_001','RPT_DEMO_001','PRJ_DEMO_001','allocation_simulation_report.md','ALLOCATION_REPORT','MD','/exports/PRJ_DEMO_001/allocation_simulation_report.md','["project_id","allocation_id","total_revenue","data_provider_revenue_pool","summary_table","simulation_disclaimer"]'::jsonb,'c3a98efd237f1c58a66792b815cbaf41f89000878f9472b07d39f9ecb1b35eb0','local_operator');
INSERT INTO export_file (file_id,report_id,project_id,file_name,file_type,file_format,file_path,field_scope_json,checksum,created_by) VALUES ('EXP_FILE_002','RPT_DEMO_001','PRJ_DEMO_001','source_level_allocation.csv','SOURCE_LEVEL_ALLOCATION','CSV','/exports/PRJ_DEMO_001/source_level_allocation.csv','["project_id","party_id","party_name","raw_weight","normalized_weight","pre_constraint_amount","post_constraint_amount","constraint_adjustment_reason"]'::jsonb,'b9812816710a488478bcb8ebe386778e2175f21eb29762082a5ce32c19795bb2','local_operator');
INSERT INTO export_file (file_id,report_id,project_id,file_name,file_type,file_format,file_path,field_scope_json,checksum,created_by) VALUES ('EXP_FILE_003','RPT_DEMO_001','PRJ_DEMO_001','participant_weight.csv','PARTICIPANT_WEIGHT','CSV','/exports/PRJ_DEMO_001/participant_weight.csv','["task_id","project_id","algorithm_mode","party_id","party_name","participant_weight","normalized_weight","baseline_weight","weight_diff"]'::jsonb,'531ec0b7321378fe20c1bccb76a1926589b2a6a8ee3eeff3ebadbace963093ae','local_operator');
INSERT INTO export_file (file_id,report_id,project_id,file_name,file_type,file_format,file_path,field_scope_json,checksum,created_by) VALUES ('EXP_FILE_004','RPT_DEMO_001','PRJ_DEMO_001','md_dshap_audit_report.md','MD_DSHAP_AUDIT','MD','/exports/PRJ_DEMO_001/md_dshap_audit_report.md','["algorithm_mode","algorithm_version","participant_set","task_set","utility_source","marginal_contribution_summary","boundary_statement"]'::jsonb,'58714bb18422ef8495460b1193392010b3471d36b22a056d78f91f68b9255972','local_operator');
INSERT INTO export_file (file_id,report_id,project_id,file_name,file_type,file_format,file_path,field_scope_json,checksum,created_by) VALUES ('EXP_FILE_005','RPT_DEMO_001','PRJ_DEMO_001','audit_log.jsonl','AUDIT_LOG','JSONL','/exports/PRJ_DEMO_001/audit_log.jsonl','["log_id","project_id","module_code","menu_code","operation_type","object_type","object_id","operator_id","status","created_at"]'::jsonb,'747927e6b45176cc9ca263db1b2225862375f8faf1c1454c06cccb598713baf2','local_operator');
INSERT INTO export_file (file_id,report_id,project_id,file_name,file_type,file_format,file_path,field_scope_json,checksum,created_by) VALUES ('EXP_FILE_006','RPT_DEMO_001','PRJ_DEMO_001','assumptions.json','ASSUMPTIONS','JSON','/exports/PRJ_DEMO_001/assumptions.json','["project_id","data_boundary","algorithm_assumptions","contract_boundary","p0_limitations","simulation_disclaimer"]'::jsonb,'1070d14cfb80ba09978ba97ea6e0309c759e4cd880b8a1dc8d59a39935b67008','local_operator');
INSERT INTO export_file (file_id,report_id,project_id,file_name,file_type,file_format,file_path,field_scope_json,checksum,created_by) VALUES ('EXP_FILE_007','RPT_DEMO_001','PRJ_DEMO_001','report_manifest.json','REPORT_MANIFEST','JSON','/exports/PRJ_DEMO_001/report_manifest.json','["report_id","project_id","generated_at","files","checksum","created_by"]'::jsonb,'9459551d18c4f635c8ef63ca47106259e5cc1402e727144cc9f9b85a811e0b32','local_operator');
INSERT INTO audit_log (log_id,project_id,module_code,menu_code,operation_type,object_type,object_id,operator_id,role_code,before_value_json,after_value_json,input_snapshot_id,parameter_snapshot_id,result_snapshot_id,status,checksum) VALUES ('AUD_001','PRJ_DEMO_001','DATA','NAV_DATA_PACKAGE','CREATE','data_package','PKG_DEMO_001','local_operator','LOCAL_OPERATOR',NULL,'{"operation":"CREATE","object_type":"data_package","object_id":"PKG_DEMO_001"}'::jsonb,'INPUT_DEMO_001',NULL,'SS_INPUT_DEMO_001','SUCCESS','47a3931b431216dcd1c2f73a0fbda718231500518c6af68a785a0011ff4d5ee6');
INSERT INTO audit_log (log_id,project_id,module_code,menu_code,operation_type,object_type,object_id,operator_id,role_code,before_value_json,after_value_json,input_snapshot_id,parameter_snapshot_id,result_snapshot_id,status,checksum) VALUES ('AUD_002','PRJ_DEMO_001','QUAL','NAV_MEASURE_QUALITY','CALCULATE','quality_assessment','QUAL_DEMO_001','local_operator','LOCAL_OPERATOR',NULL,'{"operation":"CALCULATE","object_type":"quality_assessment","object_id":"QUAL_DEMO_001"}'::jsonb,'INPUT_DEMO_001','SS_PARAM_QUAL_001',NULL,'SUCCESS','d167d43af36c1c67eb2fa07c3f14defa94a3d6121479154a17f3e86de2d1d15b');
INSERT INTO audit_log (log_id,project_id,module_code,menu_code,operation_type,object_type,object_id,operator_id,role_code,before_value_json,after_value_json,input_snapshot_id,parameter_snapshot_id,result_snapshot_id,status,checksum) VALUES ('AUD_003','PRJ_DEMO_001','DU','NAV_MEASURE_SHUYUAN','CALCULATE','shuyuan_metering','METER_DEMO_001','local_operator','LOCAL_OPERATOR',NULL,'{"operation":"CALCULATE","object_type":"shuyuan_metering","object_id":"METER_DEMO_001"}'::jsonb,'INPUT_DEMO_001','SS_PARAM_METER_001',NULL,'SUCCESS','1c76df3255333643dea0a724178cc58a4efa6d58a59de126ef693d1023eff59d');
INSERT INTO audit_log (log_id,project_id,module_code,menu_code,operation_type,object_type,object_id,operator_id,role_code,before_value_json,after_value_json,input_snapshot_id,parameter_snapshot_id,result_snapshot_id,status,checksum) VALUES ('AUD_004','PRJ_DEMO_001','UTIL','NAV_MEASURE_UTILITY','CALCULATE','utility_record','UTIL_FUNC_DEMO_001','local_operator','LOCAL_OPERATOR',NULL,'{"operation":"CALCULATE","object_type":"utility_record","object_id":"UTIL_FUNC_DEMO_001"}'::jsonb,'INPUT_DEMO_001','SS_PARAM_UTIL_001',NULL,'SUCCESS','63099951bf3b097ff44bc7ceb2a1e4296aa607b38c757d0ce4bec1f907e2d31a');
INSERT INTO audit_log (log_id,project_id,module_code,menu_code,operation_type,object_type,object_id,operator_id,role_code,before_value_json,after_value_json,input_snapshot_id,parameter_snapshot_id,result_snapshot_id,status,checksum) VALUES ('AUD_005','PRJ_DEMO_001','MDS','NAV_ALLOC_MDS','CALCULATE','md_dshap_task','MDS_TASK_DEMO_001','local_operator','LOCAL_OPERATOR',NULL,'{"operation":"CALCULATE","object_type":"md_dshap_task","object_id":"MDS_TASK_DEMO_001"}'::jsonb,'INPUT_DEMO_001','SS_PARAM_MDS_001',NULL,'SUCCESS','c8c7ec42cb0acde1dc3e9ed7f20055644d5ed9a14508daf0581085ed4823eb0c');
INSERT INTO audit_log (log_id,project_id,module_code,menu_code,operation_type,object_type,object_id,operator_id,role_code,before_value_json,after_value_json,input_snapshot_id,parameter_snapshot_id,result_snapshot_id,status,checksum) VALUES ('AUD_006','PRJ_DEMO_001','ALLOC','NAV_ALLOC_SIMULATION','CALCULATE','allocation_scenario','ALLOC_DEMO_001','local_operator','LOCAL_OPERATOR',NULL,'{"operation":"CALCULATE","object_type":"allocation_scenario","object_id":"ALLOC_DEMO_001"}'::jsonb,'INPUT_DEMO_001','SS_RESULT_ALLOC_001','SS_RESULT_ALLOC_001','SUCCESS','95cb541b2c6c2a55aae68047fc25c24010cf5cdb96023b04fb279b025b4bf476');
INSERT INTO audit_log (log_id,project_id,module_code,menu_code,operation_type,object_type,object_id,operator_id,role_code,before_value_json,after_value_json,input_snapshot_id,parameter_snapshot_id,result_snapshot_id,status,checksum) VALUES ('AUD_007','PRJ_DEMO_001','REP','NAV_REPORT_EXPORT','EXPORT','report_record','RPT_DEMO_001','local_operator','LOCAL_OPERATOR',NULL,'{"operation":"EXPORT","object_type":"report_record","object_id":"RPT_DEMO_001"}'::jsonb,'INPUT_DEMO_001',NULL,'SS_REPORT_DEMO_001','SUCCESS','271a05bc9e8e29ccca49c9b5d7d75d8559c6c54b5cba98fd755334d44fbdc380');

UPDATE allocation_project SET status='EXPORTED', updated_at=now() WHERE project_id='PRJ_DEMO_001';

COMMIT;
