-- DVAS P0 seed data
-- 初始化菜单、权限、角色、本地操作员、质量指标模板和系统参数。

BEGIN;
SET search_path TO dvas;
-- nav_menu
INSERT INTO nav_menu (menu_id,parent_id,menu_code,menu_name,module_code,route_path,menu_level,sort_no,p0_required,p1_only,status) VALUES ('MENU_SYS_HOME',NULL,'NAV_SYS_HOME','系统首页','SYS','/dashboard',1,1,true,false,'ENABLED') ON CONFLICT (menu_id) DO UPDATE SET parent_id=EXCLUDED.parent_id, menu_code=EXCLUDED.menu_code, menu_name=EXCLUDED.menu_name, module_code=EXCLUDED.module_code, route_path=EXCLUDED.route_path, menu_level=EXCLUDED.menu_level, sort_no=EXCLUDED.sort_no, p0_required=EXCLUDED.p0_required, p1_only=EXCLUDED.p1_only, status=EXCLUDED.status, updated_at=now();
INSERT INTO nav_menu (menu_id,parent_id,menu_code,menu_name,module_code,route_path,menu_level,sort_no,p0_required,p1_only,status) VALUES ('MENU_DATA_ROOT',NULL,'NAV_DATA_ROOT','数据管理','DATA','/data',1,2,true,false,'ENABLED') ON CONFLICT (menu_id) DO UPDATE SET parent_id=EXCLUDED.parent_id, menu_code=EXCLUDED.menu_code, menu_name=EXCLUDED.menu_name, module_code=EXCLUDED.module_code, route_path=EXCLUDED.route_path, menu_level=EXCLUDED.menu_level, sort_no=EXCLUDED.sort_no, p0_required=EXCLUDED.p0_required, p1_only=EXCLUDED.p1_only, status=EXCLUDED.status, updated_at=now();
INSERT INTO nav_menu (menu_id,parent_id,menu_code,menu_name,module_code,route_path,menu_level,sort_no,p0_required,p1_only,status) VALUES ('MENU_MEASURE_ROOT',NULL,'NAV_MEASURE_ROOT','数元贡献度计量','QUAL','/metering',1,3,true,false,'ENABLED') ON CONFLICT (menu_id) DO UPDATE SET parent_id=EXCLUDED.parent_id, menu_code=EXCLUDED.menu_code, menu_name=EXCLUDED.menu_name, module_code=EXCLUDED.module_code, route_path=EXCLUDED.route_path, menu_level=EXCLUDED.menu_level, sort_no=EXCLUDED.sort_no, p0_required=EXCLUDED.p0_required, p1_only=EXCLUDED.p1_only, status=EXCLUDED.status, updated_at=now();
INSERT INTO nav_menu (menu_id,parent_id,menu_code,menu_name,module_code,route_path,menu_level,sort_no,p0_required,p1_only,status) VALUES ('MENU_ALLOC_ROOT',NULL,'NAV_ALLOC_ROOT','收益分配计算','ALLOC','/allocation',1,4,true,false,'ENABLED') ON CONFLICT (menu_id) DO UPDATE SET parent_id=EXCLUDED.parent_id, menu_code=EXCLUDED.menu_code, menu_name=EXCLUDED.menu_name, module_code=EXCLUDED.module_code, route_path=EXCLUDED.route_path, menu_level=EXCLUDED.menu_level, sort_no=EXCLUDED.sort_no, p0_required=EXCLUDED.p0_required, p1_only=EXCLUDED.p1_only, status=EXCLUDED.status, updated_at=now();
INSERT INTO nav_menu (menu_id,parent_id,menu_code,menu_name,module_code,route_path,menu_level,sort_no,p0_required,p1_only,status) VALUES ('MENU_REPORT_EXPORT',NULL,'NAV_REPORT_EXPORT','报告生成与导出','REP','/reports',1,5,true,false,'ENABLED') ON CONFLICT (menu_id) DO UPDATE SET parent_id=EXCLUDED.parent_id, menu_code=EXCLUDED.menu_code, menu_name=EXCLUDED.menu_name, module_code=EXCLUDED.module_code, route_path=EXCLUDED.route_path, menu_level=EXCLUDED.menu_level, sort_no=EXCLUDED.sort_no, p0_required=EXCLUDED.p0_required, p1_only=EXCLUDED.p1_only, status=EXCLUDED.status, updated_at=now();
INSERT INTO nav_menu (menu_id,parent_id,menu_code,menu_name,module_code,route_path,menu_level,sort_no,p0_required,p1_only,status) VALUES ('MENU_SYSTEM_ROOT',NULL,'NAV_SYSTEM_ROOT','系统管理','PARAM','/system',1,6,true,false,'ENABLED') ON CONFLICT (menu_id) DO UPDATE SET parent_id=EXCLUDED.parent_id, menu_code=EXCLUDED.menu_code, menu_name=EXCLUDED.menu_name, module_code=EXCLUDED.module_code, route_path=EXCLUDED.route_path, menu_level=EXCLUDED.menu_level, sort_no=EXCLUDED.sort_no, p0_required=EXCLUDED.p0_required, p1_only=EXCLUDED.p1_only, status=EXCLUDED.status, updated_at=now();
INSERT INTO nav_menu (menu_id,parent_id,menu_code,menu_name,module_code,route_path,menu_level,sort_no,p0_required,p1_only,status) VALUES ('MENU_DATA_PACKAGE','MENU_DATA_ROOT','NAV_DATA_PACKAGE','数据接入管理','DATA','/data/ingestion',2,21,true,false,'ENABLED') ON CONFLICT (menu_id) DO UPDATE SET parent_id=EXCLUDED.parent_id, menu_code=EXCLUDED.menu_code, menu_name=EXCLUDED.menu_name, module_code=EXCLUDED.module_code, route_path=EXCLUDED.route_path, menu_level=EXCLUDED.menu_level, sort_no=EXCLUDED.sort_no, p0_required=EXCLUDED.p0_required, p1_only=EXCLUDED.p1_only, status=EXCLUDED.status, updated_at=now();
INSERT INTO nav_menu (menu_id,parent_id,menu_code,menu_name,module_code,route_path,menu_level,sort_no,p0_required,p1_only,status) VALUES ('MENU_DATA_RESOURCE','MENU_DATA_ROOT','NAV_DATA_RESOURCE','数据资源管理','RES','/data/resources',2,22,true,false,'ENABLED') ON CONFLICT (menu_id) DO UPDATE SET parent_id=EXCLUDED.parent_id, menu_code=EXCLUDED.menu_code, menu_name=EXCLUDED.menu_name, module_code=EXCLUDED.module_code, route_path=EXCLUDED.route_path, menu_level=EXCLUDED.menu_level, sort_no=EXCLUDED.sort_no, p0_required=EXCLUDED.p0_required, p1_only=EXCLUDED.p1_only, status=EXCLUDED.status, updated_at=now();
INSERT INTO nav_menu (menu_id,parent_id,menu_code,menu_name,module_code,route_path,menu_level,sort_no,p0_required,p1_only,status) VALUES ('MENU_DATA_PARTY','MENU_DATA_ROOT','NAV_DATA_PARTY','参与方管理','PARTY','/data/parties',2,23,true,false,'ENABLED') ON CONFLICT (menu_id) DO UPDATE SET parent_id=EXCLUDED.parent_id, menu_code=EXCLUDED.menu_code, menu_name=EXCLUDED.menu_name, module_code=EXCLUDED.module_code, route_path=EXCLUDED.route_path, menu_level=EXCLUDED.menu_level, sort_no=EXCLUDED.sort_no, p0_required=EXCLUDED.p0_required, p1_only=EXCLUDED.p1_only, status=EXCLUDED.status, updated_at=now();
INSERT INTO nav_menu (menu_id,parent_id,menu_code,menu_name,module_code,route_path,menu_level,sort_no,p0_required,p1_only,status) VALUES ('MENU_MEASURE_QUALITY','MENU_MEASURE_ROOT','NAV_MEASURE_QUALITY','质量评估管理','QUAL','/metering/quality',2,31,true,false,'ENABLED') ON CONFLICT (menu_id) DO UPDATE SET parent_id=EXCLUDED.parent_id, menu_code=EXCLUDED.menu_code, menu_name=EXCLUDED.menu_name, module_code=EXCLUDED.module_code, route_path=EXCLUDED.route_path, menu_level=EXCLUDED.menu_level, sort_no=EXCLUDED.sort_no, p0_required=EXCLUDED.p0_required, p1_only=EXCLUDED.p1_only, status=EXCLUDED.status, updated_at=now();
INSERT INTO nav_menu (menu_id,parent_id,menu_code,menu_name,module_code,route_path,menu_level,sort_no,p0_required,p1_only,status) VALUES ('MENU_MEASURE_SHUYUAN','MENU_MEASURE_ROOT','NAV_MEASURE_SHUYUAN','数元计量管理','DU','/metering/shuyuan',2,32,true,false,'ENABLED') ON CONFLICT (menu_id) DO UPDATE SET parent_id=EXCLUDED.parent_id, menu_code=EXCLUDED.menu_code, menu_name=EXCLUDED.menu_name, module_code=EXCLUDED.module_code, route_path=EXCLUDED.route_path, menu_level=EXCLUDED.menu_level, sort_no=EXCLUDED.sort_no, p0_required=EXCLUDED.p0_required, p1_only=EXCLUDED.p1_only, status=EXCLUDED.status, updated_at=now();
INSERT INTO nav_menu (menu_id,parent_id,menu_code,menu_name,module_code,route_path,menu_level,sort_no,p0_required,p1_only,status) VALUES ('MENU_MEASURE_UTILITY','MENU_MEASURE_ROOT','NAV_MEASURE_UTILITY','贡献度与效用计算','UTIL','/metering/utility',2,33,true,false,'ENABLED') ON CONFLICT (menu_id) DO UPDATE SET parent_id=EXCLUDED.parent_id, menu_code=EXCLUDED.menu_code, menu_name=EXCLUDED.menu_name, module_code=EXCLUDED.module_code, route_path=EXCLUDED.route_path, menu_level=EXCLUDED.menu_level, sort_no=EXCLUDED.sort_no, p0_required=EXCLUDED.p0_required, p1_only=EXCLUDED.p1_only, status=EXCLUDED.status, updated_at=now();
INSERT INTO nav_menu (menu_id,parent_id,menu_code,menu_name,module_code,route_path,menu_level,sort_no,p0_required,p1_only,status) VALUES ('MENU_ALLOC_MDS','MENU_ALLOC_ROOT','NAV_ALLOC_MDS','MD-DShap 计算管理','MDS','/allocation/md-dshap',2,41,true,false,'ENABLED') ON CONFLICT (menu_id) DO UPDATE SET parent_id=EXCLUDED.parent_id, menu_code=EXCLUDED.menu_code, menu_name=EXCLUDED.menu_name, module_code=EXCLUDED.module_code, route_path=EXCLUDED.route_path, menu_level=EXCLUDED.menu_level, sort_no=EXCLUDED.sort_no, p0_required=EXCLUDED.p0_required, p1_only=EXCLUDED.p1_only, status=EXCLUDED.status, updated_at=now();
INSERT INTO nav_menu (menu_id,parent_id,menu_code,menu_name,module_code,route_path,menu_level,sort_no,p0_required,p1_only,status) VALUES ('MENU_ALLOC_SIMULATION','MENU_ALLOC_ROOT','NAV_ALLOC_SIMULATION','收益分配模拟','ALLOC','/allocation/simulation',2,42,true,false,'ENABLED') ON CONFLICT (menu_id) DO UPDATE SET parent_id=EXCLUDED.parent_id, menu_code=EXCLUDED.menu_code, menu_name=EXCLUDED.menu_name, module_code=EXCLUDED.module_code, route_path=EXCLUDED.route_path, menu_level=EXCLUDED.menu_level, sort_no=EXCLUDED.sort_no, p0_required=EXCLUDED.p0_required, p1_only=EXCLUDED.p1_only, status=EXCLUDED.status, updated_at=now();
INSERT INTO nav_menu (menu_id,parent_id,menu_code,menu_name,module_code,route_path,menu_level,sort_no,p0_required,p1_only,status) VALUES ('MENU_ALLOC_CONSTRAINT','MENU_ALLOC_ROOT','NAV_ALLOC_CONSTRAINT','合同约束管理','CONS','/allocation/constraints',2,43,true,false,'ENABLED') ON CONFLICT (menu_id) DO UPDATE SET parent_id=EXCLUDED.parent_id, menu_code=EXCLUDED.menu_code, menu_name=EXCLUDED.menu_name, module_code=EXCLUDED.module_code, route_path=EXCLUDED.route_path, menu_level=EXCLUDED.menu_level, sort_no=EXCLUDED.sort_no, p0_required=EXCLUDED.p0_required, p1_only=EXCLUDED.p1_only, status=EXCLUDED.status, updated_at=now();
INSERT INTO nav_menu (menu_id,parent_id,menu_code,menu_name,module_code,route_path,menu_level,sort_no,p0_required,p1_only,status) VALUES ('MENU_SYSTEM_PARAMETER','MENU_SYSTEM_ROOT','NAV_SYSTEM_PARAMETER','参数配置','PARAM','/system/parameters',2,61,true,false,'ENABLED') ON CONFLICT (menu_id) DO UPDATE SET parent_id=EXCLUDED.parent_id, menu_code=EXCLUDED.menu_code, menu_name=EXCLUDED.menu_name, module_code=EXCLUDED.module_code, route_path=EXCLUDED.route_path, menu_level=EXCLUDED.menu_level, sort_no=EXCLUDED.sort_no, p0_required=EXCLUDED.p0_required, p1_only=EXCLUDED.p1_only, status=EXCLUDED.status, updated_at=now();
INSERT INTO nav_menu (menu_id,parent_id,menu_code,menu_name,module_code,route_path,menu_level,sort_no,p0_required,p1_only,status) VALUES ('MENU_SYSTEM_USER','MENU_SYSTEM_ROOT','NAV_SYSTEM_USER','用户与权限管理（P1）','USER','/system/users',2,62,false,true,'ENABLED') ON CONFLICT (menu_id) DO UPDATE SET parent_id=EXCLUDED.parent_id, menu_code=EXCLUDED.menu_code, menu_name=EXCLUDED.menu_name, module_code=EXCLUDED.module_code, route_path=EXCLUDED.route_path, menu_level=EXCLUDED.menu_level, sort_no=EXCLUDED.sort_no, p0_required=EXCLUDED.p0_required, p1_only=EXCLUDED.p1_only, status=EXCLUDED.status, updated_at=now();
INSERT INTO nav_menu (menu_id,parent_id,menu_code,menu_name,module_code,route_path,menu_level,sort_no,p0_required,p1_only,status) VALUES ('MENU_SYSTEM_AUDIT','MENU_SYSTEM_ROOT','NAV_SYSTEM_AUDIT','审计日志管理','AUD','/system/audit',2,63,true,false,'ENABLED') ON CONFLICT (menu_id) DO UPDATE SET parent_id=EXCLUDED.parent_id, menu_code=EXCLUDED.menu_code, menu_name=EXCLUDED.menu_name, module_code=EXCLUDED.module_code, route_path=EXCLUDED.route_path, menu_level=EXCLUDED.menu_level, sort_no=EXCLUDED.sort_no, p0_required=EXCLUDED.p0_required, p1_only=EXCLUDED.p1_only, status=EXCLUDED.status, updated_at=now();

-- permission
INSERT INTO permission (permission_id,menu_id,permission_code,permission_name,action_type,button_code,p0_required,p1_only,status) VALUES ('PERM_NAV_SYS_HOME_VIEW','MENU_SYS_HOME','NAV_SYS_HOME:VIEW','系统首页-VIEW','VIEW','BTN_NAV_SYS_HOME_VIEW',true,false,'ENABLED') ON CONFLICT (permission_id) DO UPDATE SET menu_id=EXCLUDED.menu_id, permission_code=EXCLUDED.permission_code, permission_name=EXCLUDED.permission_name, action_type=EXCLUDED.action_type, button_code=EXCLUDED.button_code, p0_required=EXCLUDED.p0_required, p1_only=EXCLUDED.p1_only, status=EXCLUDED.status, updated_at=now();
INSERT INTO permission (permission_id,menu_id,permission_code,permission_name,action_type,button_code,p0_required,p1_only,status) VALUES ('PERM_NAV_SYS_HOME_CREATE','MENU_SYS_HOME','NAV_SYS_HOME:CREATE','系统首页-CREATE','CREATE','BTN_NAV_SYS_HOME_CREATE',true,false,'ENABLED') ON CONFLICT (permission_id) DO UPDATE SET menu_id=EXCLUDED.menu_id, permission_code=EXCLUDED.permission_code, permission_name=EXCLUDED.permission_name, action_type=EXCLUDED.action_type, button_code=EXCLUDED.button_code, p0_required=EXCLUDED.p0_required, p1_only=EXCLUDED.p1_only, status=EXCLUDED.status, updated_at=now();
INSERT INTO permission (permission_id,menu_id,permission_code,permission_name,action_type,button_code,p0_required,p1_only,status) VALUES ('PERM_NAV_SYS_HOME_CALCULATE','MENU_SYS_HOME','NAV_SYS_HOME:CALCULATE','系统首页-CALCULATE','CALCULATE','BTN_NAV_SYS_HOME_CALCULATE',true,false,'ENABLED') ON CONFLICT (permission_id) DO UPDATE SET menu_id=EXCLUDED.menu_id, permission_code=EXCLUDED.permission_code, permission_name=EXCLUDED.permission_name, action_type=EXCLUDED.action_type, button_code=EXCLUDED.button_code, p0_required=EXCLUDED.p0_required, p1_only=EXCLUDED.p1_only, status=EXCLUDED.status, updated_at=now();
INSERT INTO permission (permission_id,menu_id,permission_code,permission_name,action_type,button_code,p0_required,p1_only,status) VALUES ('PERM_NAV_DATA_ROOT_VIEW','MENU_DATA_ROOT','NAV_DATA_ROOT:VIEW','数据管理-VIEW','VIEW','BTN_NAV_DATA_ROOT_VIEW',true,false,'ENABLED') ON CONFLICT (permission_id) DO UPDATE SET menu_id=EXCLUDED.menu_id, permission_code=EXCLUDED.permission_code, permission_name=EXCLUDED.permission_name, action_type=EXCLUDED.action_type, button_code=EXCLUDED.button_code, p0_required=EXCLUDED.p0_required, p1_only=EXCLUDED.p1_only, status=EXCLUDED.status, updated_at=now();
INSERT INTO permission (permission_id,menu_id,permission_code,permission_name,action_type,button_code,p0_required,p1_only,status) VALUES ('PERM_NAV_MEASURE_ROOT_VIEW','MENU_MEASURE_ROOT','NAV_MEASURE_ROOT:VIEW','数元贡献度计量-VIEW','VIEW','BTN_NAV_MEASURE_ROOT_VIEW',true,false,'ENABLED') ON CONFLICT (permission_id) DO UPDATE SET menu_id=EXCLUDED.menu_id, permission_code=EXCLUDED.permission_code, permission_name=EXCLUDED.permission_name, action_type=EXCLUDED.action_type, button_code=EXCLUDED.button_code, p0_required=EXCLUDED.p0_required, p1_only=EXCLUDED.p1_only, status=EXCLUDED.status, updated_at=now();
INSERT INTO permission (permission_id,menu_id,permission_code,permission_name,action_type,button_code,p0_required,p1_only,status) VALUES ('PERM_NAV_ALLOC_ROOT_VIEW','MENU_ALLOC_ROOT','NAV_ALLOC_ROOT:VIEW','收益分配计算-VIEW','VIEW','BTN_NAV_ALLOC_ROOT_VIEW',true,false,'ENABLED') ON CONFLICT (permission_id) DO UPDATE SET menu_id=EXCLUDED.menu_id, permission_code=EXCLUDED.permission_code, permission_name=EXCLUDED.permission_name, action_type=EXCLUDED.action_type, button_code=EXCLUDED.button_code, p0_required=EXCLUDED.p0_required, p1_only=EXCLUDED.p1_only, status=EXCLUDED.status, updated_at=now();
INSERT INTO permission (permission_id,menu_id,permission_code,permission_name,action_type,button_code,p0_required,p1_only,status) VALUES ('PERM_NAV_REPORT_EXPORT_VIEW','MENU_REPORT_EXPORT','NAV_REPORT_EXPORT:VIEW','报告生成与导出-VIEW','VIEW','BTN_NAV_REPORT_EXPORT_VIEW',true,false,'ENABLED') ON CONFLICT (permission_id) DO UPDATE SET menu_id=EXCLUDED.menu_id, permission_code=EXCLUDED.permission_code, permission_name=EXCLUDED.permission_name, action_type=EXCLUDED.action_type, button_code=EXCLUDED.button_code, p0_required=EXCLUDED.p0_required, p1_only=EXCLUDED.p1_only, status=EXCLUDED.status, updated_at=now();
INSERT INTO permission (permission_id,menu_id,permission_code,permission_name,action_type,button_code,p0_required,p1_only,status) VALUES ('PERM_NAV_REPORT_EXPORT_EXPORT','MENU_REPORT_EXPORT','NAV_REPORT_EXPORT:EXPORT','报告生成与导出-EXPORT','EXPORT','BTN_NAV_REPORT_EXPORT_EXPORT',true,false,'ENABLED') ON CONFLICT (permission_id) DO UPDATE SET menu_id=EXCLUDED.menu_id, permission_code=EXCLUDED.permission_code, permission_name=EXCLUDED.permission_name, action_type=EXCLUDED.action_type, button_code=EXCLUDED.button_code, p0_required=EXCLUDED.p0_required, p1_only=EXCLUDED.p1_only, status=EXCLUDED.status, updated_at=now();
INSERT INTO permission (permission_id,menu_id,permission_code,permission_name,action_type,button_code,p0_required,p1_only,status) VALUES ('PERM_NAV_SYSTEM_ROOT_VIEW','MENU_SYSTEM_ROOT','NAV_SYSTEM_ROOT:VIEW','系统管理-VIEW','VIEW','BTN_NAV_SYSTEM_ROOT_VIEW',true,false,'ENABLED') ON CONFLICT (permission_id) DO UPDATE SET menu_id=EXCLUDED.menu_id, permission_code=EXCLUDED.permission_code, permission_name=EXCLUDED.permission_name, action_type=EXCLUDED.action_type, button_code=EXCLUDED.button_code, p0_required=EXCLUDED.p0_required, p1_only=EXCLUDED.p1_only, status=EXCLUDED.status, updated_at=now();
INSERT INTO permission (permission_id,menu_id,permission_code,permission_name,action_type,button_code,p0_required,p1_only,status) VALUES ('PERM_NAV_DATA_PACKAGE_CREATE','MENU_DATA_PACKAGE','NAV_DATA_PACKAGE:CREATE','数据接入管理-CREATE','CREATE','BTN_NAV_DATA_PACKAGE_CREATE',true,false,'ENABLED') ON CONFLICT (permission_id) DO UPDATE SET menu_id=EXCLUDED.menu_id, permission_code=EXCLUDED.permission_code, permission_name=EXCLUDED.permission_name, action_type=EXCLUDED.action_type, button_code=EXCLUDED.button_code, p0_required=EXCLUDED.p0_required, p1_only=EXCLUDED.p1_only, status=EXCLUDED.status, updated_at=now();
INSERT INTO permission (permission_id,menu_id,permission_code,permission_name,action_type,button_code,p0_required,p1_only,status) VALUES ('PERM_NAV_DATA_PACKAGE_VIEW','MENU_DATA_PACKAGE','NAV_DATA_PACKAGE:VIEW','数据接入管理-VIEW','VIEW','BTN_NAV_DATA_PACKAGE_VIEW',true,false,'ENABLED') ON CONFLICT (permission_id) DO UPDATE SET menu_id=EXCLUDED.menu_id, permission_code=EXCLUDED.permission_code, permission_name=EXCLUDED.permission_name, action_type=EXCLUDED.action_type, button_code=EXCLUDED.button_code, p0_required=EXCLUDED.p0_required, p1_only=EXCLUDED.p1_only, status=EXCLUDED.status, updated_at=now();
INSERT INTO permission (permission_id,menu_id,permission_code,permission_name,action_type,button_code,p0_required,p1_only,status) VALUES ('PERM_NAV_DATA_PACKAGE_DELETE_DISABLE','MENU_DATA_PACKAGE','NAV_DATA_PACKAGE:DELETE_DISABLE','数据接入管理-DELETE_DISABLE','DELETE_DISABLE','BTN_NAV_DATA_PACKAGE_DELETE_DISABLE',true,false,'ENABLED') ON CONFLICT (permission_id) DO UPDATE SET menu_id=EXCLUDED.menu_id, permission_code=EXCLUDED.permission_code, permission_name=EXCLUDED.permission_name, action_type=EXCLUDED.action_type, button_code=EXCLUDED.button_code, p0_required=EXCLUDED.p0_required, p1_only=EXCLUDED.p1_only, status=EXCLUDED.status, updated_at=now();
INSERT INTO permission (permission_id,menu_id,permission_code,permission_name,action_type,button_code,p0_required,p1_only,status) VALUES ('PERM_NAV_DATA_RESOURCE_VIEW','MENU_DATA_RESOURCE','NAV_DATA_RESOURCE:VIEW','数据资源管理-VIEW','VIEW','BTN_NAV_DATA_RESOURCE_VIEW',true,false,'ENABLED') ON CONFLICT (permission_id) DO UPDATE SET menu_id=EXCLUDED.menu_id, permission_code=EXCLUDED.permission_code, permission_name=EXCLUDED.permission_name, action_type=EXCLUDED.action_type, button_code=EXCLUDED.button_code, p0_required=EXCLUDED.p0_required, p1_only=EXCLUDED.p1_only, status=EXCLUDED.status, updated_at=now();
INSERT INTO permission (permission_id,menu_id,permission_code,permission_name,action_type,button_code,p0_required,p1_only,status) VALUES ('PERM_NAV_DATA_RESOURCE_UPDATE','MENU_DATA_RESOURCE','NAV_DATA_RESOURCE:UPDATE','数据资源管理-UPDATE','UPDATE','BTN_NAV_DATA_RESOURCE_UPDATE',true,false,'ENABLED') ON CONFLICT (permission_id) DO UPDATE SET menu_id=EXCLUDED.menu_id, permission_code=EXCLUDED.permission_code, permission_name=EXCLUDED.permission_name, action_type=EXCLUDED.action_type, button_code=EXCLUDED.button_code, p0_required=EXCLUDED.p0_required, p1_only=EXCLUDED.p1_only, status=EXCLUDED.status, updated_at=now();
INSERT INTO permission (permission_id,menu_id,permission_code,permission_name,action_type,button_code,p0_required,p1_only,status) VALUES ('PERM_NAV_DATA_RESOURCE_EXPORT','MENU_DATA_RESOURCE','NAV_DATA_RESOURCE:EXPORT','数据资源管理-EXPORT','EXPORT','BTN_NAV_DATA_RESOURCE_EXPORT',true,false,'ENABLED') ON CONFLICT (permission_id) DO UPDATE SET menu_id=EXCLUDED.menu_id, permission_code=EXCLUDED.permission_code, permission_name=EXCLUDED.permission_name, action_type=EXCLUDED.action_type, button_code=EXCLUDED.button_code, p0_required=EXCLUDED.p0_required, p1_only=EXCLUDED.p1_only, status=EXCLUDED.status, updated_at=now();
INSERT INTO permission (permission_id,menu_id,permission_code,permission_name,action_type,button_code,p0_required,p1_only,status) VALUES ('PERM_NAV_DATA_PARTY_CREATE','MENU_DATA_PARTY','NAV_DATA_PARTY:CREATE','参与方管理-CREATE','CREATE','BTN_NAV_DATA_PARTY_CREATE',true,false,'ENABLED') ON CONFLICT (permission_id) DO UPDATE SET menu_id=EXCLUDED.menu_id, permission_code=EXCLUDED.permission_code, permission_name=EXCLUDED.permission_name, action_type=EXCLUDED.action_type, button_code=EXCLUDED.button_code, p0_required=EXCLUDED.p0_required, p1_only=EXCLUDED.p1_only, status=EXCLUDED.status, updated_at=now();
INSERT INTO permission (permission_id,menu_id,permission_code,permission_name,action_type,button_code,p0_required,p1_only,status) VALUES ('PERM_NAV_DATA_PARTY_UPDATE','MENU_DATA_PARTY','NAV_DATA_PARTY:UPDATE','参与方管理-UPDATE','UPDATE','BTN_NAV_DATA_PARTY_UPDATE',true,false,'ENABLED') ON CONFLICT (permission_id) DO UPDATE SET menu_id=EXCLUDED.menu_id, permission_code=EXCLUDED.permission_code, permission_name=EXCLUDED.permission_name, action_type=EXCLUDED.action_type, button_code=EXCLUDED.button_code, p0_required=EXCLUDED.p0_required, p1_only=EXCLUDED.p1_only, status=EXCLUDED.status, updated_at=now();
INSERT INTO permission (permission_id,menu_id,permission_code,permission_name,action_type,button_code,p0_required,p1_only,status) VALUES ('PERM_NAV_DATA_PARTY_DELETE_DISABLE','MENU_DATA_PARTY','NAV_DATA_PARTY:DELETE_DISABLE','参与方管理-DELETE_DISABLE','DELETE_DISABLE','BTN_NAV_DATA_PARTY_DELETE_DISABLE',true,false,'ENABLED') ON CONFLICT (permission_id) DO UPDATE SET menu_id=EXCLUDED.menu_id, permission_code=EXCLUDED.permission_code, permission_name=EXCLUDED.permission_name, action_type=EXCLUDED.action_type, button_code=EXCLUDED.button_code, p0_required=EXCLUDED.p0_required, p1_only=EXCLUDED.p1_only, status=EXCLUDED.status, updated_at=now();
INSERT INTO permission (permission_id,menu_id,permission_code,permission_name,action_type,button_code,p0_required,p1_only,status) VALUES ('PERM_NAV_DATA_PARTY_VIEW','MENU_DATA_PARTY','NAV_DATA_PARTY:VIEW','参与方管理-VIEW','VIEW','BTN_NAV_DATA_PARTY_VIEW',true,false,'ENABLED') ON CONFLICT (permission_id) DO UPDATE SET menu_id=EXCLUDED.menu_id, permission_code=EXCLUDED.permission_code, permission_name=EXCLUDED.permission_name, action_type=EXCLUDED.action_type, button_code=EXCLUDED.button_code, p0_required=EXCLUDED.p0_required, p1_only=EXCLUDED.p1_only, status=EXCLUDED.status, updated_at=now();
INSERT INTO permission (permission_id,menu_id,permission_code,permission_name,action_type,button_code,p0_required,p1_only,status) VALUES ('PERM_NAV_MEASURE_QUALITY_UPDATE','MENU_MEASURE_QUALITY','NAV_MEASURE_QUALITY:UPDATE','质量评估管理-UPDATE','UPDATE','BTN_NAV_MEASURE_QUALITY_UPDATE',true,false,'ENABLED') ON CONFLICT (permission_id) DO UPDATE SET menu_id=EXCLUDED.menu_id, permission_code=EXCLUDED.permission_code, permission_name=EXCLUDED.permission_name, action_type=EXCLUDED.action_type, button_code=EXCLUDED.button_code, p0_required=EXCLUDED.p0_required, p1_only=EXCLUDED.p1_only, status=EXCLUDED.status, updated_at=now();
INSERT INTO permission (permission_id,menu_id,permission_code,permission_name,action_type,button_code,p0_required,p1_only,status) VALUES ('PERM_NAV_MEASURE_QUALITY_CALCULATE','MENU_MEASURE_QUALITY','NAV_MEASURE_QUALITY:CALCULATE','质量评估管理-CALCULATE','CALCULATE','BTN_NAV_MEASURE_QUALITY_CALCULATE',true,false,'ENABLED') ON CONFLICT (permission_id) DO UPDATE SET menu_id=EXCLUDED.menu_id, permission_code=EXCLUDED.permission_code, permission_name=EXCLUDED.permission_name, action_type=EXCLUDED.action_type, button_code=EXCLUDED.button_code, p0_required=EXCLUDED.p0_required, p1_only=EXCLUDED.p1_only, status=EXCLUDED.status, updated_at=now();
INSERT INTO permission (permission_id,menu_id,permission_code,permission_name,action_type,button_code,p0_required,p1_only,status) VALUES ('PERM_NAV_MEASURE_QUALITY_VIEW','MENU_MEASURE_QUALITY','NAV_MEASURE_QUALITY:VIEW','质量评估管理-VIEW','VIEW','BTN_NAV_MEASURE_QUALITY_VIEW',true,false,'ENABLED') ON CONFLICT (permission_id) DO UPDATE SET menu_id=EXCLUDED.menu_id, permission_code=EXCLUDED.permission_code, permission_name=EXCLUDED.permission_name, action_type=EXCLUDED.action_type, button_code=EXCLUDED.button_code, p0_required=EXCLUDED.p0_required, p1_only=EXCLUDED.p1_only, status=EXCLUDED.status, updated_at=now();
INSERT INTO permission (permission_id,menu_id,permission_code,permission_name,action_type,button_code,p0_required,p1_only,status) VALUES ('PERM_NAV_MEASURE_SHUYUAN_UPDATE','MENU_MEASURE_SHUYUAN','NAV_MEASURE_SHUYUAN:UPDATE','数元计量管理-UPDATE','UPDATE','BTN_NAV_MEASURE_SHUYUAN_UPDATE',true,false,'ENABLED') ON CONFLICT (permission_id) DO UPDATE SET menu_id=EXCLUDED.menu_id, permission_code=EXCLUDED.permission_code, permission_name=EXCLUDED.permission_name, action_type=EXCLUDED.action_type, button_code=EXCLUDED.button_code, p0_required=EXCLUDED.p0_required, p1_only=EXCLUDED.p1_only, status=EXCLUDED.status, updated_at=now();
INSERT INTO permission (permission_id,menu_id,permission_code,permission_name,action_type,button_code,p0_required,p1_only,status) VALUES ('PERM_NAV_MEASURE_SHUYUAN_CALCULATE','MENU_MEASURE_SHUYUAN','NAV_MEASURE_SHUYUAN:CALCULATE','数元计量管理-CALCULATE','CALCULATE','BTN_NAV_MEASURE_SHUYUAN_CALCULATE',true,false,'ENABLED') ON CONFLICT (permission_id) DO UPDATE SET menu_id=EXCLUDED.menu_id, permission_code=EXCLUDED.permission_code, permission_name=EXCLUDED.permission_name, action_type=EXCLUDED.action_type, button_code=EXCLUDED.button_code, p0_required=EXCLUDED.p0_required, p1_only=EXCLUDED.p1_only, status=EXCLUDED.status, updated_at=now();
INSERT INTO permission (permission_id,menu_id,permission_code,permission_name,action_type,button_code,p0_required,p1_only,status) VALUES ('PERM_NAV_MEASURE_SHUYUAN_VIEW','MENU_MEASURE_SHUYUAN','NAV_MEASURE_SHUYUAN:VIEW','数元计量管理-VIEW','VIEW','BTN_NAV_MEASURE_SHUYUAN_VIEW',true,false,'ENABLED') ON CONFLICT (permission_id) DO UPDATE SET menu_id=EXCLUDED.menu_id, permission_code=EXCLUDED.permission_code, permission_name=EXCLUDED.permission_name, action_type=EXCLUDED.action_type, button_code=EXCLUDED.button_code, p0_required=EXCLUDED.p0_required, p1_only=EXCLUDED.p1_only, status=EXCLUDED.status, updated_at=now();
INSERT INTO permission (permission_id,menu_id,permission_code,permission_name,action_type,button_code,p0_required,p1_only,status) VALUES ('PERM_NAV_MEASURE_UTILITY_UPDATE','MENU_MEASURE_UTILITY','NAV_MEASURE_UTILITY:UPDATE','贡献度与效用计算-UPDATE','UPDATE','BTN_NAV_MEASURE_UTILITY_UPDATE',true,false,'ENABLED') ON CONFLICT (permission_id) DO UPDATE SET menu_id=EXCLUDED.menu_id, permission_code=EXCLUDED.permission_code, permission_name=EXCLUDED.permission_name, action_type=EXCLUDED.action_type, button_code=EXCLUDED.button_code, p0_required=EXCLUDED.p0_required, p1_only=EXCLUDED.p1_only, status=EXCLUDED.status, updated_at=now();
INSERT INTO permission (permission_id,menu_id,permission_code,permission_name,action_type,button_code,p0_required,p1_only,status) VALUES ('PERM_NAV_MEASURE_UTILITY_CALCULATE','MENU_MEASURE_UTILITY','NAV_MEASURE_UTILITY:CALCULATE','贡献度与效用计算-CALCULATE','CALCULATE','BTN_NAV_MEASURE_UTILITY_CALCULATE',true,false,'ENABLED') ON CONFLICT (permission_id) DO UPDATE SET menu_id=EXCLUDED.menu_id, permission_code=EXCLUDED.permission_code, permission_name=EXCLUDED.permission_name, action_type=EXCLUDED.action_type, button_code=EXCLUDED.button_code, p0_required=EXCLUDED.p0_required, p1_only=EXCLUDED.p1_only, status=EXCLUDED.status, updated_at=now();
INSERT INTO permission (permission_id,menu_id,permission_code,permission_name,action_type,button_code,p0_required,p1_only,status) VALUES ('PERM_NAV_MEASURE_UTILITY_VIEW','MENU_MEASURE_UTILITY','NAV_MEASURE_UTILITY:VIEW','贡献度与效用计算-VIEW','VIEW','BTN_NAV_MEASURE_UTILITY_VIEW',true,false,'ENABLED') ON CONFLICT (permission_id) DO UPDATE SET menu_id=EXCLUDED.menu_id, permission_code=EXCLUDED.permission_code, permission_name=EXCLUDED.permission_name, action_type=EXCLUDED.action_type, button_code=EXCLUDED.button_code, p0_required=EXCLUDED.p0_required, p1_only=EXCLUDED.p1_only, status=EXCLUDED.status, updated_at=now();
INSERT INTO permission (permission_id,menu_id,permission_code,permission_name,action_type,button_code,p0_required,p1_only,status) VALUES ('PERM_NAV_ALLOC_MDS_CALCULATE','MENU_ALLOC_MDS','NAV_ALLOC_MDS:CALCULATE','MD-DShap 计算管理-CALCULATE','CALCULATE','BTN_NAV_ALLOC_MDS_CALCULATE',true,false,'ENABLED') ON CONFLICT (permission_id) DO UPDATE SET menu_id=EXCLUDED.menu_id, permission_code=EXCLUDED.permission_code, permission_name=EXCLUDED.permission_name, action_type=EXCLUDED.action_type, button_code=EXCLUDED.button_code, p0_required=EXCLUDED.p0_required, p1_only=EXCLUDED.p1_only, status=EXCLUDED.status, updated_at=now();
INSERT INTO permission (permission_id,menu_id,permission_code,permission_name,action_type,button_code,p0_required,p1_only,status) VALUES ('PERM_NAV_ALLOC_MDS_VIEW','MENU_ALLOC_MDS','NAV_ALLOC_MDS:VIEW','MD-DShap 计算管理-VIEW','VIEW','BTN_NAV_ALLOC_MDS_VIEW',true,false,'ENABLED') ON CONFLICT (permission_id) DO UPDATE SET menu_id=EXCLUDED.menu_id, permission_code=EXCLUDED.permission_code, permission_name=EXCLUDED.permission_name, action_type=EXCLUDED.action_type, button_code=EXCLUDED.button_code, p0_required=EXCLUDED.p0_required, p1_only=EXCLUDED.p1_only, status=EXCLUDED.status, updated_at=now();
INSERT INTO permission (permission_id,menu_id,permission_code,permission_name,action_type,button_code,p0_required,p1_only,status) VALUES ('PERM_NAV_ALLOC_MDS_EXPORT','MENU_ALLOC_MDS','NAV_ALLOC_MDS:EXPORT','MD-DShap 计算管理-EXPORT','EXPORT','BTN_NAV_ALLOC_MDS_EXPORT',true,false,'ENABLED') ON CONFLICT (permission_id) DO UPDATE SET menu_id=EXCLUDED.menu_id, permission_code=EXCLUDED.permission_code, permission_name=EXCLUDED.permission_name, action_type=EXCLUDED.action_type, button_code=EXCLUDED.button_code, p0_required=EXCLUDED.p0_required, p1_only=EXCLUDED.p1_only, status=EXCLUDED.status, updated_at=now();
INSERT INTO permission (permission_id,menu_id,permission_code,permission_name,action_type,button_code,p0_required,p1_only,status) VALUES ('PERM_NAV_ALLOC_SIMULATION_UPDATE','MENU_ALLOC_SIMULATION','NAV_ALLOC_SIMULATION:UPDATE','收益分配模拟-UPDATE','UPDATE','BTN_NAV_ALLOC_SIMULATION_UPDATE',true,false,'ENABLED') ON CONFLICT (permission_id) DO UPDATE SET menu_id=EXCLUDED.menu_id, permission_code=EXCLUDED.permission_code, permission_name=EXCLUDED.permission_name, action_type=EXCLUDED.action_type, button_code=EXCLUDED.button_code, p0_required=EXCLUDED.p0_required, p1_only=EXCLUDED.p1_only, status=EXCLUDED.status, updated_at=now();
INSERT INTO permission (permission_id,menu_id,permission_code,permission_name,action_type,button_code,p0_required,p1_only,status) VALUES ('PERM_NAV_ALLOC_SIMULATION_CALCULATE','MENU_ALLOC_SIMULATION','NAV_ALLOC_SIMULATION:CALCULATE','收益分配模拟-CALCULATE','CALCULATE','BTN_NAV_ALLOC_SIMULATION_CALCULATE',true,false,'ENABLED') ON CONFLICT (permission_id) DO UPDATE SET menu_id=EXCLUDED.menu_id, permission_code=EXCLUDED.permission_code, permission_name=EXCLUDED.permission_name, action_type=EXCLUDED.action_type, button_code=EXCLUDED.button_code, p0_required=EXCLUDED.p0_required, p1_only=EXCLUDED.p1_only, status=EXCLUDED.status, updated_at=now();
INSERT INTO permission (permission_id,menu_id,permission_code,permission_name,action_type,button_code,p0_required,p1_only,status) VALUES ('PERM_NAV_ALLOC_SIMULATION_CONFIRM','MENU_ALLOC_SIMULATION','NAV_ALLOC_SIMULATION:CONFIRM','收益分配模拟-CONFIRM','CONFIRM','BTN_NAV_ALLOC_SIMULATION_CONFIRM',true,false,'ENABLED') ON CONFLICT (permission_id) DO UPDATE SET menu_id=EXCLUDED.menu_id, permission_code=EXCLUDED.permission_code, permission_name=EXCLUDED.permission_name, action_type=EXCLUDED.action_type, button_code=EXCLUDED.button_code, p0_required=EXCLUDED.p0_required, p1_only=EXCLUDED.p1_only, status=EXCLUDED.status, updated_at=now();
INSERT INTO permission (permission_id,menu_id,permission_code,permission_name,action_type,button_code,p0_required,p1_only,status) VALUES ('PERM_NAV_ALLOC_SIMULATION_EXPORT','MENU_ALLOC_SIMULATION','NAV_ALLOC_SIMULATION:EXPORT','收益分配模拟-EXPORT','EXPORT','BTN_NAV_ALLOC_SIMULATION_EXPORT',true,false,'ENABLED') ON CONFLICT (permission_id) DO UPDATE SET menu_id=EXCLUDED.menu_id, permission_code=EXCLUDED.permission_code, permission_name=EXCLUDED.permission_name, action_type=EXCLUDED.action_type, button_code=EXCLUDED.button_code, p0_required=EXCLUDED.p0_required, p1_only=EXCLUDED.p1_only, status=EXCLUDED.status, updated_at=now();
INSERT INTO permission (permission_id,menu_id,permission_code,permission_name,action_type,button_code,p0_required,p1_only,status) VALUES ('PERM_NAV_ALLOC_CONSTRAINT_CREATE','MENU_ALLOC_CONSTRAINT','NAV_ALLOC_CONSTRAINT:CREATE','合同约束管理-CREATE','CREATE','BTN_NAV_ALLOC_CONSTRAINT_CREATE',true,false,'ENABLED') ON CONFLICT (permission_id) DO UPDATE SET menu_id=EXCLUDED.menu_id, permission_code=EXCLUDED.permission_code, permission_name=EXCLUDED.permission_name, action_type=EXCLUDED.action_type, button_code=EXCLUDED.button_code, p0_required=EXCLUDED.p0_required, p1_only=EXCLUDED.p1_only, status=EXCLUDED.status, updated_at=now();
INSERT INTO permission (permission_id,menu_id,permission_code,permission_name,action_type,button_code,p0_required,p1_only,status) VALUES ('PERM_NAV_ALLOC_CONSTRAINT_UPDATE','MENU_ALLOC_CONSTRAINT','NAV_ALLOC_CONSTRAINT:UPDATE','合同约束管理-UPDATE','UPDATE','BTN_NAV_ALLOC_CONSTRAINT_UPDATE',true,false,'ENABLED') ON CONFLICT (permission_id) DO UPDATE SET menu_id=EXCLUDED.menu_id, permission_code=EXCLUDED.permission_code, permission_name=EXCLUDED.permission_name, action_type=EXCLUDED.action_type, button_code=EXCLUDED.button_code, p0_required=EXCLUDED.p0_required, p1_only=EXCLUDED.p1_only, status=EXCLUDED.status, updated_at=now();
INSERT INTO permission (permission_id,menu_id,permission_code,permission_name,action_type,button_code,p0_required,p1_only,status) VALUES ('PERM_NAV_ALLOC_CONSTRAINT_DELETE_DISABLE','MENU_ALLOC_CONSTRAINT','NAV_ALLOC_CONSTRAINT:DELETE_DISABLE','合同约束管理-DELETE_DISABLE','DELETE_DISABLE','BTN_NAV_ALLOC_CONSTRAINT_DELETE_DISABLE',true,false,'ENABLED') ON CONFLICT (permission_id) DO UPDATE SET menu_id=EXCLUDED.menu_id, permission_code=EXCLUDED.permission_code, permission_name=EXCLUDED.permission_name, action_type=EXCLUDED.action_type, button_code=EXCLUDED.button_code, p0_required=EXCLUDED.p0_required, p1_only=EXCLUDED.p1_only, status=EXCLUDED.status, updated_at=now();
INSERT INTO permission (permission_id,menu_id,permission_code,permission_name,action_type,button_code,p0_required,p1_only,status) VALUES ('PERM_NAV_ALLOC_CONSTRAINT_VIEW','MENU_ALLOC_CONSTRAINT','NAV_ALLOC_CONSTRAINT:VIEW','合同约束管理-VIEW','VIEW','BTN_NAV_ALLOC_CONSTRAINT_VIEW',true,false,'ENABLED') ON CONFLICT (permission_id) DO UPDATE SET menu_id=EXCLUDED.menu_id, permission_code=EXCLUDED.permission_code, permission_name=EXCLUDED.permission_name, action_type=EXCLUDED.action_type, button_code=EXCLUDED.button_code, p0_required=EXCLUDED.p0_required, p1_only=EXCLUDED.p1_only, status=EXCLUDED.status, updated_at=now();
INSERT INTO permission (permission_id,menu_id,permission_code,permission_name,action_type,button_code,p0_required,p1_only,status) VALUES ('PERM_NAV_SYSTEM_PARAMETER_VIEW','MENU_SYSTEM_PARAMETER','NAV_SYSTEM_PARAMETER:VIEW','参数配置-VIEW','VIEW','BTN_NAV_SYSTEM_PARAMETER_VIEW',true,false,'ENABLED') ON CONFLICT (permission_id) DO UPDATE SET menu_id=EXCLUDED.menu_id, permission_code=EXCLUDED.permission_code, permission_name=EXCLUDED.permission_name, action_type=EXCLUDED.action_type, button_code=EXCLUDED.button_code, p0_required=EXCLUDED.p0_required, p1_only=EXCLUDED.p1_only, status=EXCLUDED.status, updated_at=now();
INSERT INTO permission (permission_id,menu_id,permission_code,permission_name,action_type,button_code,p0_required,p1_only,status) VALUES ('PERM_NAV_SYSTEM_PARAMETER_UPDATE','MENU_SYSTEM_PARAMETER','NAV_SYSTEM_PARAMETER:UPDATE','参数配置-UPDATE','UPDATE','BTN_NAV_SYSTEM_PARAMETER_UPDATE',true,false,'ENABLED') ON CONFLICT (permission_id) DO UPDATE SET menu_id=EXCLUDED.menu_id, permission_code=EXCLUDED.permission_code, permission_name=EXCLUDED.permission_name, action_type=EXCLUDED.action_type, button_code=EXCLUDED.button_code, p0_required=EXCLUDED.p0_required, p1_only=EXCLUDED.p1_only, status=EXCLUDED.status, updated_at=now();
INSERT INTO permission (permission_id,menu_id,permission_code,permission_name,action_type,button_code,p0_required,p1_only,status) VALUES ('PERM_NAV_SYSTEM_USER_CREATE','MENU_SYSTEM_USER','NAV_SYSTEM_USER:CREATE','用户与权限管理（P1）-CREATE','CREATE','BTN_NAV_SYSTEM_USER_CREATE',false,true,'ENABLED') ON CONFLICT (permission_id) DO UPDATE SET menu_id=EXCLUDED.menu_id, permission_code=EXCLUDED.permission_code, permission_name=EXCLUDED.permission_name, action_type=EXCLUDED.action_type, button_code=EXCLUDED.button_code, p0_required=EXCLUDED.p0_required, p1_only=EXCLUDED.p1_only, status=EXCLUDED.status, updated_at=now();
INSERT INTO permission (permission_id,menu_id,permission_code,permission_name,action_type,button_code,p0_required,p1_only,status) VALUES ('PERM_NAV_SYSTEM_USER_UPDATE','MENU_SYSTEM_USER','NAV_SYSTEM_USER:UPDATE','用户与权限管理（P1）-UPDATE','UPDATE','BTN_NAV_SYSTEM_USER_UPDATE',false,true,'ENABLED') ON CONFLICT (permission_id) DO UPDATE SET menu_id=EXCLUDED.menu_id, permission_code=EXCLUDED.permission_code, permission_name=EXCLUDED.permission_name, action_type=EXCLUDED.action_type, button_code=EXCLUDED.button_code, p0_required=EXCLUDED.p0_required, p1_only=EXCLUDED.p1_only, status=EXCLUDED.status, updated_at=now();
INSERT INTO permission (permission_id,menu_id,permission_code,permission_name,action_type,button_code,p0_required,p1_only,status) VALUES ('PERM_NAV_SYSTEM_USER_VIEW','MENU_SYSTEM_USER','NAV_SYSTEM_USER:VIEW','用户与权限管理（P1）-VIEW','VIEW','BTN_NAV_SYSTEM_USER_VIEW',false,true,'ENABLED') ON CONFLICT (permission_id) DO UPDATE SET menu_id=EXCLUDED.menu_id, permission_code=EXCLUDED.permission_code, permission_name=EXCLUDED.permission_name, action_type=EXCLUDED.action_type, button_code=EXCLUDED.button_code, p0_required=EXCLUDED.p0_required, p1_only=EXCLUDED.p1_only, status=EXCLUDED.status, updated_at=now();
INSERT INTO permission (permission_id,menu_id,permission_code,permission_name,action_type,button_code,p0_required,p1_only,status) VALUES ('PERM_NAV_SYSTEM_AUDIT_VIEW','MENU_SYSTEM_AUDIT','NAV_SYSTEM_AUDIT:VIEW','审计日志管理-VIEW','VIEW','BTN_NAV_SYSTEM_AUDIT_VIEW',true,false,'ENABLED') ON CONFLICT (permission_id) DO UPDATE SET menu_id=EXCLUDED.menu_id, permission_code=EXCLUDED.permission_code, permission_name=EXCLUDED.permission_name, action_type=EXCLUDED.action_type, button_code=EXCLUDED.button_code, p0_required=EXCLUDED.p0_required, p1_only=EXCLUDED.p1_only, status=EXCLUDED.status, updated_at=now();
INSERT INTO permission (permission_id,menu_id,permission_code,permission_name,action_type,button_code,p0_required,p1_only,status) VALUES ('PERM_NAV_SYSTEM_AUDIT_EXPORT','MENU_SYSTEM_AUDIT','NAV_SYSTEM_AUDIT:EXPORT','审计日志管理-EXPORT','EXPORT','BTN_NAV_SYSTEM_AUDIT_EXPORT',true,false,'ENABLED') ON CONFLICT (permission_id) DO UPDATE SET menu_id=EXCLUDED.menu_id, permission_code=EXCLUDED.permission_code, permission_name=EXCLUDED.permission_name, action_type=EXCLUDED.action_type, button_code=EXCLUDED.button_code, p0_required=EXCLUDED.p0_required, p1_only=EXCLUDED.p1_only, status=EXCLUDED.status, updated_at=now();

-- users and roles
INSERT INTO user_account (user_id,username,display_name,operator_code,status) VALUES ('USER_LOCAL_OPERATOR','local_operator','本地操作员','local_operator','ACTIVE') ON CONFLICT (user_id) DO UPDATE SET username=EXCLUDED.username, display_name=EXCLUDED.display_name, operator_code=EXCLUDED.operator_code, status=EXCLUDED.status, updated_at=now();
INSERT INTO role (role_id,role_code,role_name,description,status) VALUES ('ROLE_LOCAL_OPERATOR','LOCAL_OPERATOR','本地操作员','P0 默认角色，具备演示系统完整操作权限。','ACTIVE') ON CONFLICT (role_id) DO UPDATE SET role_code=EXCLUDED.role_code, role_name=EXCLUDED.role_name, description=EXCLUDED.description, status=EXCLUDED.status, updated_at=now();
INSERT INTO role (role_id,role_code,role_name,description,status) VALUES ('ROLE_SYSTEM_ADMIN','SYSTEM_ADMIN','系统管理员','维护系统参数、用户、角色、权限。','ACTIVE') ON CONFLICT (role_id) DO UPDATE SET role_code=EXCLUDED.role_code, role_name=EXCLUDED.role_name, description=EXCLUDED.description, status=EXCLUDED.status, updated_at=now();
INSERT INTO role (role_id,role_code,role_name,description,status) VALUES ('ROLE_BUSINESS_ADMIN','BUSINESS_ADMIN','业务管理员','维护数据包、参与方、收益池、场景参数。','ACTIVE') ON CONFLICT (role_id) DO UPDATE SET role_code=EXCLUDED.role_code, role_name=EXCLUDED.role_name, description=EXCLUDED.description, status=EXCLUDED.status, updated_at=now();
INSERT INTO role (role_id,role_code,role_name,description,status) VALUES ('ROLE_ALGORITHM_REVIEWER','ALGORITHM_REVIEWER','算法审核员','查看质量、效用、MD-DShap 过程。','ACTIVE') ON CONFLICT (role_id) DO UPDATE SET role_code=EXCLUDED.role_code, role_name=EXCLUDED.role_name, description=EXCLUDED.description, status=EXCLUDED.status, updated_at=now();
INSERT INTO role (role_id,role_code,role_name,description,status) VALUES ('ROLE_CONTRACT_REVIEWER','CONTRACT_REVIEWER','合同审核员','配置合同约束、查看约束检查。','ACTIVE') ON CONFLICT (role_id) DO UPDATE SET role_code=EXCLUDED.role_code, role_name=EXCLUDED.role_name, description=EXCLUDED.description, status=EXCLUDED.status, updated_at=now();
INSERT INTO role (role_id,role_code,role_name,description,status) VALUES ('ROLE_AUDITOR','AUDITOR','审计员','只读查看报告、日志、输入和输出快照。','ACTIVE') ON CONFLICT (role_id) DO UPDATE SET role_code=EXCLUDED.role_code, role_name=EXCLUDED.role_name, description=EXCLUDED.description, status=EXCLUDED.status, updated_at=now();
INSERT INTO role (role_id,role_code,role_name,description,status) VALUES ('ROLE_VIEWER','VIEWER','普通查看用户','查看已确认结果和报告。','ACTIVE') ON CONFLICT (role_id) DO UPDATE SET role_code=EXCLUDED.role_code, role_name=EXCLUDED.role_name, description=EXCLUDED.description, status=EXCLUDED.status, updated_at=now();
INSERT INTO user_role (id,user_id,role_id) VALUES ('UR_LOCAL_OPERATOR','USER_LOCAL_OPERATOR','ROLE_LOCAL_OPERATOR') ON CONFLICT (user_id, role_id) DO NOTHING;

-- local_operator gets all P0 permissions, excluding P1-only actions by default

INSERT INTO role_permission (id, role_id, permission_id)
SELECT 'RP_LOCAL_' || permission_id, 'ROLE_LOCAL_OPERATOR', permission_id
FROM permission
WHERE p1_only = false
ON CONFLICT (role_id, permission_id) DO NOTHING;

-- quality_metric_template
UPDATE quality_metric_template
SET status='INACTIVE', updated_at=now()
WHERE metric_id IN (
  'QM_COMPLETENESS','QM_ACCURACY','QM_TIMELINESS','QM_CONSISTENCY','QM_UNIQUENESS',
  'QM_COMPLETENESS_MISSING','QM_COMPLETENESS_COVERAGE','QM_ACCURACY_OUTLIER','QM_ACCURACY_VALIDATION'
);
INSERT INTO quality_metric_template (metric_id,metric_code,parent_metric_code,metric_name,metric_level,default_weight,score_rule_json,status) VALUES
('QM_QUALITY_NORM','QUALITY_NORM',NULL,'规范性',1,0.15,'{"rule":"pdf_quality_framework_7_17"}'::jsonb,'ACTIVE'),
('QM_QUALITY_ACC','QUALITY_ACC',NULL,'准确性',1,0.15,'{"rule":"pdf_quality_framework_7_17"}'::jsonb,'ACTIVE'),
('QM_QUALITY_COMP','QUALITY_COMP',NULL,'完整性',1,0.15,'{"rule":"pdf_quality_framework_7_17"}'::jsonb,'ACTIVE'),
('QM_QUALITY_UNIQ','QUALITY_UNIQ',NULL,'唯一性',1,0.15,'{"rule":"pdf_quality_framework_7_17"}'::jsonb,'ACTIVE'),
('QM_QUALITY_CONS','QUALITY_CONS',NULL,'一致性',1,0.15,'{"rule":"pdf_quality_framework_7_17"}'::jsonb,'ACTIVE'),
('QM_QUALITY_TIME','QUALITY_TIME',NULL,'时效性',1,0.10,'{"rule":"pdf_quality_framework_7_17"}'::jsonb,'ACTIVE'),
('QM_QUALITY_ACCESS','QUALITY_ACCESS',NULL,'可访问性',1,0.15,'{"rule":"pdf_quality_framework_7_17"}'::jsonb,'ACTIVE'),
('QM_QUALITY_NAMING_NORM','QUALITY_NAMING_NORM','QUALITY_NORM','命名规范性',2,0.15,'{"rule":"pdf_quality_framework_7_17"}'::jsonb,'ACTIVE'),
('QM_QUALITY_LENGTH_NORM','QUALITY_LENGTH_NORM','QUALITY_NORM','数据长度规范性',2,0.15,'{"rule":"pdf_quality_framework_7_17"}'::jsonb,'ACTIVE'),
('QM_QUALITY_PRECISION_NORM','QUALITY_PRECISION_NORM','QUALITY_NORM','数据精度规范性',2,0.15,'{"rule":"pdf_quality_framework_7_17"}'::jsonb,'ACTIVE'),
('QM_QUALITY_FORMAT_NORM','QUALITY_FORMAT_NORM','QUALITY_NORM','数据格式规范性',2,0.15,'{"rule":"pdf_quality_framework_7_17"}'::jsonb,'ACTIVE'),
('QM_QUALITY_METADATA_NORM','QUALITY_METADATA_NORM','QUALITY_NORM','元数据规范性',2,0.15,'{"rule":"pdf_quality_framework_7_17"}'::jsonb,'ACTIVE'),
('QM_QUALITY_REFERENCE_NORM','QUALITY_REFERENCE_NORM','QUALITY_NORM','参考数据规范性',2,0.10,'{"rule":"pdf_quality_framework_7_17"}'::jsonb,'ACTIVE'),
('QM_QUALITY_MODEL_NORM','QUALITY_MODEL_NORM','QUALITY_NORM','数据模型规范性',2,0.15,'{"rule":"pdf_quality_framework_7_17"}'::jsonb,'ACTIVE'),
('QM_QUALITY_RANGE_ACC','QUALITY_RANGE_ACC','QUALITY_ACC','数据范围准确性',2,0.50,'{"rule":"pdf_quality_framework_7_17"}'::jsonb,'ACTIVE'),
('QM_QUALITY_CODE_ACC','QUALITY_CODE_ACC','QUALITY_ACC','编码/代码准确性',2,0.50,'{"rule":"pdf_quality_framework_7_17"}'::jsonb,'ACTIVE'),
('QM_QUALITY_ELEMENT_COMP','QUALITY_ELEMENT_COMP','QUALITY_COMP','数据元素完整性',2,0.50,'{"rule":"pdf_quality_framework_7_17"}'::jsonb,'ACTIVE'),
('QM_QUALITY_RECORD_COMP','QUALITY_RECORD_COMP','QUALITY_COMP','数据记录完整性',2,0.50,'{"rule":"pdf_quality_framework_7_17"}'::jsonb,'ACTIVE'),
('QM_QUALITY_ID_UNIQ','QUALITY_ID_UNIQ','QUALITY_UNIQ','数据唯一标识程度',2,0.50,'{"rule":"pdf_quality_framework_7_17"}'::jsonb,'ACTIVE'),
('QM_QUALITY_REDUNDANCY_UNIQ','QUALITY_REDUNDANCY_UNIQ','QUALITY_UNIQ','数据冗余性',2,0.50,'{"rule":"pdf_quality_framework_7_17"}'::jsonb,'ACTIVE'),
('QM_QUALITY_SAME_CONS','QUALITY_SAME_CONS','QUALITY_CONS','相同数据一致性',2,0.50,'{"rule":"pdf_quality_framework_7_17"}'::jsonb,'ACTIVE'),
('QM_QUALITY_RELATED_CONS','QUALITY_RELATED_CONS','QUALITY_CONS','关联数据一致性',2,0.50,'{"rule":"pdf_quality_framework_7_17"}'::jsonb,'ACTIVE'),
('QM_QUALITY_RECORD_TIME','QUALITY_RECORD_TIME','QUALITY_TIME','数据记录及时性',2,1.00,'{"rule":"pdf_quality_framework_7_17"}'::jsonb,'ACTIVE'),
('QM_QUALITY_FIELD_ACCESS','QUALITY_FIELD_ACCESS','QUALITY_ACCESS','数据字段可访问性',2,1.00,'{"rule":"pdf_quality_framework_7_17"}'::jsonb,'ACTIVE')
ON CONFLICT (metric_id) DO UPDATE SET metric_code=EXCLUDED.metric_code,parent_metric_code=EXCLUDED.parent_metric_code,metric_name=EXCLUDED.metric_name,metric_level=EXCLUDED.metric_level,default_weight=EXCLUDED.default_weight,score_rule_json=EXCLUDED.score_rule_json,status=EXCLUDED.status,updated_at=now();

-- system_parameter and parameter_version
INSERT INTO system_parameter (parameter_id,parameter_code,parameter_name,parameter_type,default_value_json,current_value_json,scope,is_editable,version_no,status,updated_by) VALUES ('PARAM_SIMULATION_DISCLAIMER','SIMULATION_DISCLAIMER','模拟参考免责声明','TEXT','"模拟参考，非法律结算。系统输出不构成财务付款、法律结算或主管审批结果。"'::jsonb,'"模拟参考，非法律结算。系统输出不构成财务付款、法律结算或主管审批结果。"'::jsonb,'RISK',false,1,'ACTIVE','local_operator') ON CONFLICT (parameter_id) DO UPDATE SET parameter_code=EXCLUDED.parameter_code,parameter_name=EXCLUDED.parameter_name,parameter_type=EXCLUDED.parameter_type,default_value_json=EXCLUDED.default_value_json,current_value_json=EXCLUDED.current_value_json,scope=EXCLUDED.scope,is_editable=EXCLUDED.is_editable,version_no=EXCLUDED.version_no,status=EXCLUDED.status,updated_by=EXCLUDED.updated_by,updated_at=now();
INSERT INTO parameter_version (version_id,parameter_id,project_id,version_no,value_json,checksum,created_by) VALUES ('PV_SIMULATION_DISCLAIMER','PARAM_SIMULATION_DISCLAIMER',NULL,1,'"模拟参考，非法律结算。系统输出不构成财务付款、法律结算或主管审批结果。"'::jsonb,'12bde058e7f96dc85b7722521888ca6bfb11991e5dc01a893a64906f78550279','local_operator') ON CONFLICT (version_id) DO UPDATE SET value_json=EXCLUDED.value_json, checksum=EXCLUDED.checksum, created_by=EXCLUDED.created_by;
INSERT INTO system_parameter (parameter_id,parameter_code,parameter_name,parameter_type,default_value_json,current_value_json,scope,is_editable,version_no,status,updated_by) VALUES ('PARAM_DATA_BOUNDARY','DATA_BOUNDARY','数据边界说明','TEXT','"P0 使用演示数据或用户上传的脱敏 JSON，不处理未经脱敏的真实敏感数据。"'::jsonb,'"P0 使用演示数据或用户上传的脱敏 JSON，不处理未经脱敏的真实敏感数据。"'::jsonb,'RISK',true,1,'ACTIVE','local_operator') ON CONFLICT (parameter_id) DO UPDATE SET parameter_code=EXCLUDED.parameter_code,parameter_name=EXCLUDED.parameter_name,parameter_type=EXCLUDED.parameter_type,default_value_json=EXCLUDED.default_value_json,current_value_json=EXCLUDED.current_value_json,scope=EXCLUDED.scope,is_editable=EXCLUDED.is_editable,version_no=EXCLUDED.version_no,status=EXCLUDED.status,updated_by=EXCLUDED.updated_by,updated_at=now();
INSERT INTO parameter_version (version_id,parameter_id,project_id,version_no,value_json,checksum,created_by) VALUES ('PV_DATA_BOUNDARY','PARAM_DATA_BOUNDARY',NULL,1,'"P0 使用演示数据或用户上传的脱敏 JSON，不处理未经脱敏的真实敏感数据。"'::jsonb,'1c46891654bc3ea0c520ca11d5dc50e9602226c681cb3a8a7ee77e4b1d19af6b','local_operator') ON CONFLICT (version_id) DO UPDATE SET value_json=EXCLUDED.value_json, checksum=EXCLUDED.checksum, created_by=EXCLUDED.created_by;
INSERT INTO system_parameter (parameter_id,parameter_code,parameter_name,parameter_type,default_value_json,current_value_json,scope,is_editable,version_no,status,updated_by) VALUES ('PARAM_DEFAULT_ALGORITHM','DEFAULT_ALGORITHM_MODE','默认算法模式','ENUM','"MD_DSHAP"'::jsonb,'"MD_DSHAP"'::jsonb,'ALGORITHM',true,1,'ACTIVE','local_operator') ON CONFLICT (parameter_id) DO UPDATE SET parameter_code=EXCLUDED.parameter_code,parameter_name=EXCLUDED.parameter_name,parameter_type=EXCLUDED.parameter_type,default_value_json=EXCLUDED.default_value_json,current_value_json=EXCLUDED.current_value_json,scope=EXCLUDED.scope,is_editable=EXCLUDED.is_editable,version_no=EXCLUDED.version_no,status=EXCLUDED.status,updated_by=EXCLUDED.updated_by,updated_at=now();
INSERT INTO parameter_version (version_id,parameter_id,project_id,version_no,value_json,checksum,created_by) VALUES ('PV_DEFAULT_ALGORITHM_MODE','PARAM_DEFAULT_ALGORITHM',NULL,1,'"MD_DSHAP"'::jsonb,'000b6eb04176a198654798e5e2d7493a3d82305ed29d7d9497d1962a91fea34a','local_operator') ON CONFLICT (version_id) DO UPDATE SET value_json=EXCLUDED.value_json, checksum=EXCLUDED.checksum, created_by=EXCLUDED.created_by;
INSERT INTO system_parameter (parameter_id,parameter_code,parameter_name,parameter_type,default_value_json,current_value_json,scope,is_editable,version_no,status,updated_by) VALUES ('PARAM_BASE_SHUYUAN_PRICE','BASE_SHUYUAN_PRICE','默认基准数元价','NUMBER','10.0'::jsonb,'10.0'::jsonb,'METERING',true,1,'ACTIVE','local_operator') ON CONFLICT (parameter_id) DO UPDATE SET parameter_code=EXCLUDED.parameter_code,parameter_name=EXCLUDED.parameter_name,parameter_type=EXCLUDED.parameter_type,default_value_json=EXCLUDED.default_value_json,current_value_json=EXCLUDED.current_value_json,scope=EXCLUDED.scope,is_editable=EXCLUDED.is_editable,version_no=EXCLUDED.version_no,status=EXCLUDED.status,updated_by=EXCLUDED.updated_by,updated_at=now();
INSERT INTO parameter_version (version_id,parameter_id,project_id,version_no,value_json,checksum,created_by) VALUES ('PV_BASE_SHUYUAN_PRICE','PARAM_BASE_SHUYUAN_PRICE',NULL,1,'10.0'::jsonb,'f1e42019aecc858ffbcca7fddec511b761b474916fde37b1a6ff321a9b459330','local_operator') ON CONFLICT (version_id) DO UPDATE SET value_json=EXCLUDED.value_json, checksum=EXCLUDED.checksum, created_by=EXCLUDED.created_by;
INSERT INTO system_parameter (parameter_id,parameter_code,parameter_name,parameter_type,default_value_json,current_value_json,scope,is_editable,version_no,status,updated_by) VALUES ('PARAM_MDS_SAMPLE_ROUNDS','MD_DSHAP_SAMPLE_ROUNDS','MD-DShap 默认采样轮次','NUMBER','200'::jsonb,'200'::jsonb,'ALGORITHM',true,1,'ACTIVE','local_operator') ON CONFLICT (parameter_id) DO UPDATE SET parameter_code=EXCLUDED.parameter_code,parameter_name=EXCLUDED.parameter_name,parameter_type=EXCLUDED.parameter_type,default_value_json=EXCLUDED.default_value_json,current_value_json=EXCLUDED.current_value_json,scope=EXCLUDED.scope,is_editable=EXCLUDED.is_editable,version_no=EXCLUDED.version_no,status=EXCLUDED.status,updated_by=EXCLUDED.updated_by,updated_at=now();
INSERT INTO parameter_version (version_id,parameter_id,project_id,version_no,value_json,checksum,created_by) VALUES ('PV_MD_DSHAP_SAMPLE_ROUNDS','PARAM_MDS_SAMPLE_ROUNDS',NULL,1,'200'::jsonb,'27badc983df1780b60c2b3fa9d3a19a00e46aac798451f0febdca52920faaddf','local_operator') ON CONFLICT (version_id) DO UPDATE SET value_json=EXCLUDED.value_json, checksum=EXCLUDED.checksum, created_by=EXCLUDED.created_by;
INSERT INTO system_parameter (parameter_id,parameter_code,parameter_name,parameter_type,default_value_json,current_value_json,scope,is_editable,version_no,status,updated_by) VALUES ('PARAM_MDS_EPSILON','MD_DSHAP_EPSILON','MD-DShap 默认误差阈值','NUMBER','1e-06'::jsonb,'1e-06'::jsonb,'ALGORITHM',true,1,'ACTIVE','local_operator') ON CONFLICT (parameter_id) DO UPDATE SET parameter_code=EXCLUDED.parameter_code,parameter_name=EXCLUDED.parameter_name,parameter_type=EXCLUDED.parameter_type,default_value_json=EXCLUDED.default_value_json,current_value_json=EXCLUDED.current_value_json,scope=EXCLUDED.scope,is_editable=EXCLUDED.is_editable,version_no=EXCLUDED.version_no,status=EXCLUDED.status,updated_by=EXCLUDED.updated_by,updated_at=now();
INSERT INTO parameter_version (version_id,parameter_id,project_id,version_no,value_json,checksum,created_by) VALUES ('PV_MD_DSHAP_EPSILON','PARAM_MDS_EPSILON',NULL,1,'1e-06'::jsonb,'1187132475a4431d8ce6b306fecd75b877993db3279c7769716dacb5ed57e6b7','local_operator') ON CONFLICT (version_id) DO UPDATE SET value_json=EXCLUDED.value_json, checksum=EXCLUDED.checksum, created_by=EXCLUDED.created_by;
INSERT INTO system_parameter (parameter_id,parameter_code,parameter_name,parameter_type,default_value_json,current_value_json,scope,is_editable,version_no,status,updated_by) VALUES ('PARAM_DECIMAL_PRECISION','DECIMAL_PRECISION_RULE','数值精度规则','JSON','{"amount":"numeric(18,2)","weight":"numeric(18,6)","score":"numeric(8,4)","coefficient":"numeric(12,6)"}'::jsonb,'{"amount":"numeric(18,2)","weight":"numeric(18,6)","score":"numeric(8,4)","coefficient":"numeric(12,6)"}'::jsonb,'GLOBAL',false,1,'ACTIVE','local_operator') ON CONFLICT (parameter_id) DO UPDATE SET parameter_code=EXCLUDED.parameter_code,parameter_name=EXCLUDED.parameter_name,parameter_type=EXCLUDED.parameter_type,default_value_json=EXCLUDED.default_value_json,current_value_json=EXCLUDED.current_value_json,scope=EXCLUDED.scope,is_editable=EXCLUDED.is_editable,version_no=EXCLUDED.version_no,status=EXCLUDED.status,updated_by=EXCLUDED.updated_by,updated_at=now();
INSERT INTO parameter_version (version_id,parameter_id,project_id,version_no,value_json,checksum,created_by) VALUES ('PV_DECIMAL_PRECISION_RULE','PARAM_DECIMAL_PRECISION',NULL,1,'{"amount":"numeric(18,2)","weight":"numeric(18,6)","score":"numeric(8,4)","coefficient":"numeric(12,6)"}'::jsonb,'30275288454ba939d69bd4eabd4d8b4ccc42e078aa47e0b70eb2379b2943bb65','local_operator') ON CONFLICT (version_id) DO UPDATE SET value_json=EXCLUDED.value_json, checksum=EXCLUDED.checksum, created_by=EXCLUDED.created_by;
INSERT INTO system_parameter (parameter_id,parameter_code,parameter_name,parameter_type,default_value_json,current_value_json,scope,is_editable,version_no,status,updated_by) VALUES ('PARAM_EXPORT_FORMATS','P0_EXPORT_FORMATS','P0 导出格式','JSON','["MD","CSV","JSON","JSONL"]'::jsonb,'["MD","CSV","JSON","JSONL"]'::jsonb,'REPORT',false,1,'ACTIVE','local_operator') ON CONFLICT (parameter_id) DO UPDATE SET parameter_code=EXCLUDED.parameter_code,parameter_name=EXCLUDED.parameter_name,parameter_type=EXCLUDED.parameter_type,default_value_json=EXCLUDED.default_value_json,current_value_json=EXCLUDED.current_value_json,scope=EXCLUDED.scope,is_editable=EXCLUDED.is_editable,version_no=EXCLUDED.version_no,status=EXCLUDED.status,updated_by=EXCLUDED.updated_by,updated_at=now();
INSERT INTO parameter_version (version_id,parameter_id,project_id,version_no,value_json,checksum,created_by) VALUES ('PV_P0_EXPORT_FORMATS','PARAM_EXPORT_FORMATS',NULL,1,'["MD","CSV","JSON","JSONL"]'::jsonb,'36e967de445b295eb3bc26ee3f2f39bd706393f2f1ce36248b8d6e65154f5c4c','local_operator') ON CONFLICT (version_id) DO UPDATE SET value_json=EXCLUDED.value_json, checksum=EXCLUDED.checksum, created_by=EXCLUDED.created_by;

COMMIT;
